nodeId,clusterId,clusterLevel,parentCluster
0_0,1,0
0_41,1,0
0_42,1,0
0_43,1,0
0_44,1,0
0_45,1,0
0_46,1,0
0_47,1,0
0_48,1,0
0_49,1,0
0_50,1,0
0_51,1,0
0_52,1,0
0_53,1,0
0_54,1,0
0_55,6,0
0_56,1,0
0_57,1,0
0_58,1,0
0_59,1,0
0_60,1,0
0_62,1,0
0_66,1,0
0_68,1,0
0_69,1,0
0_70,1,0
0_72,1,0
0_73,1,0
0_74,1,0
0_76,1,0
0_78,1,0
0_79,1,0
0_81,1,0
0_84,1,0
0_85,1,0
0_86,1,0
0_90,1,0
0_91,1,0
0_93,1,0
0_97,1,0
0_99,1,0
0_101,1,0
0_102,1,0
0_103,1,0
0_105,1,0
0_106,1,0
0_110,1,0
0_113,1,0
0_118,1,0
0_130,1,0
0_131,1,0
0_133,1,0
0_141,1,0
0_150,1,0
0_154,1,0
0_155,23,0
0_161,1,0
0_162,1,0
0_163,1,0
0_166,1,0
0_168,1,0
0_170,1,0
0_175,1,0
0_179,1,0
0_182,1,0
0_190,1,0
0_197,1,0
0_198,1,0
0_200,1,0
0_205,1,0
0_211,1,0
0_212,1,0
0_218,1,0
0_220,1,0
0_221,1,0
0_222,1,0
0_225,1,0
0_227,1,0
0_229,1,0
0_231,1,0
0_234,1,0
0_240,1,0
0_246,1,0
0_247,1,0
0_252,1,0
0_253,1,0
0_258,1,0
0_262,1,0
0_269,1,0
0_275,22,0
0_276,1,0
0_277,1,0
0_283,1,0
0_295,1,0
0_300,1,0
0_308,1,0
0_310,1,0
0_312,1,0
0_319,1,0
0_324,1,0
0_326,1,0
0_335,1,0
0_337,1,0
0_338,23,0
0_342,1,0
0_348,1,0
0_350,1,0
0_353,1,0
0_361,1,0
0_368,1,0
0_373,1,0
0_382,1,0
0_386,1,0
0_388,1,0
0_391,1,0
0_398,1,0
0_405,1,0
0_407,1,0
0_410,1,0
0_412,1,0
0_413,1,0
0_415,1,0
0_422,1,0
0_423,1,0
0_425,1,0
0_434,1,0
0_436,1,0
0_438,1,0
0_439,1,0
0_444,1,0
0_452,1,0
0_461,1,0
0_463,1,0
0_465,1,0
0_467,1,0
0_473,1,0
0_475,1,0
0_476,1,0
0_1,1,0
0_2,1,0
0_3,1,0
0_4,1,0
0_5,1,0
0_6,1,0
0_7,1,0
0_8,1,0
0_9,1,0
0_10,1,0
0_11,1,0
0_12,1,0
0_13,1,0
0_14,1,0
0_15,1,0
0_16,1,0
0_17,1,0
0_18,1,0
0_19,1,0
0_20,1,0
0_21,1,0
0_22,1,0
0_23,1,0
0_24,1,0
0_25,1,0
0_26,1,0
0_27,1,0
0_28,1,0
0_29,1,0
0_30,1,0
0_31,1,0
0_32,1,0
0_33,1,0
0_34,1,0
0_35,1,0
0_36,1,0
0_37,1,0
0_38,1,0
0_39,1,0
0_40,1,0
0_61,1,0
0_63,1,0
0_64,1,0
0_65,1,0
0_67,1,0
0_71,1,0
0_75,1,0
0_77,1,0
0_80,1,0
0_82,1,0
0_83,1,0
0_87,1,0
0_89,1,0
0_92,1,0
0_94,1,0
0_96,1,0
0_98,1,0
0_100,1,0
0_104,1,0
0_107,1,0
0_108,1,0
0_109,1,0
0_111,1,0
0_112,1,0
0_114,1,0
0_115,1,0
0_116,1,0
0_117,1,0
0_119,1,0
0_120,1,0
0_121,1,0
0_122,1,0
0_125,1,0
0_126,1,0
0_127,1,0
0_128,1,0
0_132,1,0
0_134,1,0
0_135,1,0
0_136,1,0
0_137,1,0
0_139,1,0
0_142,1,0
0_143,1,0
0_144,1,0
0_145,1,0
0_146,1,0
0_148,1,0
0_151,1,0
0_152,1,0
0_153,1,0
0_156,1,0
0_157,1,0
0_159,1,0
0_160,1,0
0_164,1,0
0_167,1,0
0_169,1,0
0_172,1,0
0_173,1,0
0_176,1,0
0_177,1,0
0_178,1,0
0_180,1,0
0_181,1,0
0_186,1,0
0_187,1,0
0_189,1,0
0_194,1,0
0_195,1,0
0_196,1,0
0_202,1,0
0_206,1,0
0_213,1,0
0_215,1,0
0_219,1,0
0_226,1,0
0_230,1,0
0_232,1,0
0_236,1,0
0_237,1,0
0_238,1,0
0_239,1,0
0_248,1,0
0_250,1,0
0_251,1,0
0_254,1,0
0_255,1,0
0_260,1,0
0_264,1,0
0_267,1,0
0_270,1,0
0_272,1,0
0_274,1,0
0_278,1,0
0_280,1,0
0_281,1,0
0_282,1,0
0_284,1,0
0_285,1,0
0_288,1,0
0_290,1,0
0_292,1,0
0_294,1,0
0_297,1,0
0_299,1,0
0_304,1,0
0_313,1,0
0_314,1,0
0_316,1,0
0_327,1,0
0_329,1,0
0_332,1,0
0_334,1,0
0_343,1,0
0_347,1,0
0_358,1,0
0_369,1,0
0_370,1,0
0_379,1,0
0_383,1,0
0_395,1,0
0_396,1,0
0_404,1,0
0_408,1,0
0_409,1,0
0_414,1,0
0_416,1,0
0_420,1,0
0_421,1,0
0_427,1,0
0_432,1,0
0_435,1,0
0_440,1,0
0_441,1,0
0_445,1,0
0_446,1,0
0_448,1,0
0_450,1,0
0_453,1,0
0_468,1,0
0_470,1,0
0_472,1,0
0_88,1,0
0_95,1,0
0_123,1,0
0_124,1,0
0_129,1,0
0_140,1,0
0_147,1,0
0_149,1,0
0_171,1,0
0_183,1,0
0_185,1,0
0_191,1,0
0_192,1,0
0_193,1,0
0_199,1,0
0_201,1,0
0_203,1,0
0_209,1,0
0_210,1,0
0_214,1,0
0_217,1,0
0_244,1,0
0_245,1,0
0_263,1,0
0_265,1,0
0_266,1,0
0_268,1,0
0_293,1,0
0_298,1,0
0_307,1,0
0_309,1,0
0_320,1,0
0_321,1,0
0_325,1,0
0_331,1,0
0_333,1,0
0_339,1,0
0_340,1,0
0_341,1,0
0_345,1,0
0_349,1,0
0_352,1,0
0_359,1,0
0_360,1,0
0_363,1,0
0_367,1,0
0_372,1,0
0_380,1,0
0_394,1,0
0_400,1,0
0_401,1,0
0_437,1,0
0_455,1,0
0_457,1,0
0_460,1,0
0_462,1,0
0_464,1,0
0_466,1,0
0_469,1,0
0_474,1,0
0_138,4,0
0_158,1,0
0_184,1,0
0_188,1,0
0_216,1,0
0_224,1,0
0_235,1,0
0_241,1,0
0_249,1,0
0_273,1,0
0_301,1,0
0_305,1,0
0_311,1,0
0_322,1,0
0_328,1,0
0_344,1,0
0_351,1,0
0_365,1,0
0_366,1,0
0_375,1,0
0_377,1,0
0_429,1,0
0_433,1,0
0_451,1,0
0_459,1,0
0_204,1,0
0_207,1,0
0_233,1,0
0_257,1,0
0_259,1,0
0_261,1,0
0_271,1,0
0_289,1,0
0_317,1,0
0_336,1,0
0_355,1,0
0_356,1,0
0_357,1,0
0_364,1,0
0_378,1,0
0_381,1,0
0_384,1,0
0_389,23,0
0_390,1,0
0_397,1,0
0_418,1,0
0_428,1,0
0_431,1,0
0_443,1,0
0_454,1,0
0_477,1,0
4_71,14,0
9_74,23,0
0_165,1,0
0_242,1,0
0_279,1,0
0_286,1,0
0_385,1,0
0_399,1,0
0_447,1,0
0_456,1,0
0_223,1,0
0_256,1,0
0_306,1,0
0_323,1,0
0_374,1,0
0_393,1,0
3_37,13,0
18_55,31,0
0_228,1,0
0_315,1,0
0_346,1,0
0_371,1,0
0_387,1,0
0_392,1,0
0_430,1,0
4_362,14,0
10_82,25,0
0_174,1,0
0_208,1,0
0_291,1,0
0_296,1,0
0_362,1,0
0_411,1,0
8_96,22,0
0_243,1,0
0_302,1,0
15_113,0,0
3_71,13,0
0_417,1,0
0_442,1,0
0_449,14,0
0_354,1,0
0_403,1,0
2_47,8,0
4_290,14,0
0_287,25,0
0_318,1,0
0_402,1,0
10_225,25,0
15_94,1,0
21_37,1,0
0_419,1,0
0_376,1,0
4_68,21,0
1_35,6,0
2_0,8,0
15_98,0,0
9_98,23,0
0_426,1,0
0_303,1,0
0_406,1,0
0_424,1,0
0_471,1,0
0_330,1,0
0_458,1,0
2_249,8,0
4_374,1,0
2_401,8,0
18_112,31,0
8_183,1,0
3_256,13,0
9_113,23,0
15_100,0,0
9_165,23,0
9_4,23,0
9_95,23,0
15_120,0,0
8_90,22,0
2_81,8,0
3_32,13,0
24_43,34,0
2_137,29,0
8_82,22,0
1_80,6,0
9_92,23,0
18_123,31,0
10_27,25,0
15_118,0,0
2_178,8,0
4_168,14,0
8_89,25,0
1_78,6,0
2_274,8,0
3_286,1,0
4_165,14,0
9_162,23,0
10_101,25,0
8_195,22,0
4_450,14,0
7_134,21,0
8_133,22,0
2_263,1,0
10_126,1,0
2_42,8,0
2_418,8,0
3_128,13,0
9_128,23,0
2_67,8,0
12_102,27,0
23_36,28,0
3_294,13,0
9_329,23,0
8_157,22,0
15_105,0,0
21_43,32,0
4_162,14,0
12_68,3,0
4_59,14,0
15_101,0,0
9_103,23,0
2_141,8,0
4_88,14,0
4_119,4,0
8_79,22,0
8_170,22,0
9_295,23,0
9_131,23,0
4_143,14,0
10_75,25,0
1_0,6,0
1_30,6,0
1_31,6,0
1_32,6,0
1_33,6,0
1_34,6,0
1_36,6,0
1_37,6,0
1_38,6,0
1_39,23,0
1_40,6,0
1_42,6,0
1_43,6,0
1_44,6,0
1_45,6,0
1_46,6,0
1_47,6,0
1_50,6,0
1_51,6,0
1_53,6,0
1_55,6,0
1_59,6,0
1_62,6,0
1_63,6,0
1_64,6,0
1_65,6,0
1_66,6,0
1_67,6,0
1_68,6,0
1_69,6,0
1_70,6,0
1_72,6,0
1_73,6,0
1_79,6,0
1_81,6,0
1_89,6,0
1_91,6,0
1_92,6,0
1_94,6,0
1_96,6,0
1_98,6,0
1_101,6,0
1_103,6,0
1_104,6,0
1_106,6,0
1_108,6,0
1_109,6,0
1_117,6,0
1_119,6,0
1_121,6,0
1_127,6,0
1_129,6,0
1_138,6,0
1_142,6,0
1_144,6,0
1_146,6,0
1_151,6,0
1_155,6,0
1_158,6,0
1_161,6,0
1_162,6,0
1_165,6,0
1_169,6,0
1_174,6,0
1_175,6,0
1_185,6,0
1_189,6,0
1_190,6,0
1_191,6,0
1_192,6,0
1_198,6,0
9_268,23,0
1_1,6,0
1_2,6,0
1_3,6,0
1_4,6,0
1_5,6,0
1_6,6,0
1_7,6,0
1_8,6,0
1_9,6,0
1_10,6,0
1_11,6,0
1_12,6,0
1_13,6,0
1_14,6,0
1_15,6,0
1_16,6,0
1_17,6,0
1_18,6,0
1_19,6,0
1_20,6,0
1_21,6,0
1_22,6,0
1_23,6,0
1_24,6,0
1_25,6,0
1_26,6,0
1_27,6,0
1_28,6,0
1_29,6,0
1_41,6,0
1_48,6,0
1_49,6,0
1_52,6,0
1_54,6,0
1_56,6,0
1_57,6,0
1_58,6,0
1_60,6,0
1_61,6,0
1_71,6,0
1_74,6,0
1_75,6,0
1_76,6,0
1_77,6,0
1_82,6,0
1_83,6,0
1_84,6,0
1_85,6,0
1_86,6,0
1_87,6,0
1_88,6,0
1_90,6,0
1_95,6,0
1_97,6,0
1_100,6,0
1_105,6,0
1_107,6,0
1_111,6,0
1_112,6,0
1_114,6,0
1_115,6,0
1_118,6,0
1_120,6,0
1_122,6,0
1_123,6,0
1_125,6,0
1_126,6,0
1_128,6,0
1_130,6,0
1_131,6,0
1_132,6,0
1_134,6,0
1_135,6,0
1_136,6,0
1_139,6,0
1_140,6,0
1_141,6,0
1_143,6,0
1_145,6,0
1_148,6,0
1_150,6,0
1_166,6,0
1_167,6,0
1_171,6,0
1_177,6,0
1_179,6,0
1_180,25,0
1_181,6,0
1_183,6,0
1_187,6,0
1_188,6,0
1_193,6,0
1_196,6,0
15_0,14,0
21_41,23,0
1_93,6,0
1_102,6,0
1_110,6,0
1_113,6,0
1_116,6,0
1_152,6,0
1_154,6,0
1_156,6,0
1_172,6,0
1_184,6,0
1_186,6,0
1_194,6,0
1_195,6,0
1_197,6,0
1_99,6,0
1_124,6,0
1_133,6,0
1_137,6,0
1_159,6,0
1_163,6,0
1_170,6,0
1_199,6,0
2_316,6,0
1_147,6,0
1_157,6,0
1_168,6,0
1_173,6,0
10_8,25,0
1_178,6,0
1_182,6,0
1_160,6,0
2_289,8,0
10_53,25,0
10_93,25,0
1_164,6,0
9_84,23,0
1_149,6,0
2_205,8,0
21_97,6,0
1_176,6,0
1_153,6,0
15_119,0,0
10_133,25,0
10_297,25,0
9_140,23,0
8_113,22,0
9_130,23,0
10_140,25,0
8_101,22,0
8_87,22,0
4_69,14,0
2_160,6,0
10_79,25,0
2_167,8,0
15_123,0,0
4_291,14,0
15_117,0,0
8_192,22,0
8_162,22,0
4_133,14,0
10_29,25,0
8_136,22,0
21_158,32,0
2_43,5,0
2_44,8,0
2_45,8,0
2_46,8,0
2_48,8,0
2_50,8,0
2_51,23,0
2_53,8,0
2_55,8,0
2_56,8,0
2_59,8,0
2_60,8,0
2_62,8,0
2_63,8,0
2_65,0,0
2_69,8,0
2_75,30,0
2_77,8,0
2_80,8,0
2_84,8,0
2_90,8,0
2_92,8,0
2_94,8,0
2_95,8,0
2_97,8,0
2_98,20,0
2_99,8,0
2_102,8,0
2_105,8,0
2_106,8,0
2_107,8,0
2_110,8,0
2_117,8,0
2_118,8,0
2_124,8,0
2_125,8,0
2_130,21,0
2_133,8,0
2_136,8,0
2_139,8,0
2_147,8,0
2_148,8,0
2_151,8,0
2_153,8,0
2_154,8,0
2_159,8,0
2_162,8,0
2_171,8,0
2_174,8,0
2_176,8,0
2_181,8,0
2_182,8,0
2_189,8,0
2_192,21,0
2_195,8,0
2_199,8,0
2_207,8,0
2_208,8,0
2_211,8,0
2_212,27,0
2_213,8,0
2_216,8,0
2_221,8,0
2_224,21,0
2_225,27,0
2_229,8,0
2_230,8,0
2_233,8,0
2_240,8,0
2_242,8,0
2_243,8,0
2_244,8,0
2_251,8,0
2_252,8,0
2_253,8,0
2_256,8,0
2_258,8,0
2_260,8,0
2_271,8,0
2_273,8,0
2_281,10,0
2_283,8,0
2_284,2,0
2_292,8,0
2_293,8,0
2_296,8,0
2_299,8,0
2_300,8,0
2_301,8,0
2_302,8,0
2_303,23,0
2_306,8,0
2_307,8,0
2_319,8,0
2_320,8,0
2_330,8,0
2_331,8,0
2_339,8,0
2_340,8,0
2_344,8,0
2_345,8,0
2_363,17,0
2_364,8,0
2_376,8,0
2_377,8,0
2_380,8,0
2_384,8,0
2_399,8,0
2_409,8,0
2_415,8,0
2_417,31,0
2_421,8,0
2_1,8,0
2_2,8,0
2_3,8,0
2_4,8,0
2_5,8,0
2_6,8,0
2_7,8,0
2_8,8,0
2_9,8,0
2_10,8,0
2_11,8,0
2_12,8,0
2_13,8,0
2_14,8,0
2_15,8,0
2_16,8,0
2_17,8,0
2_18,8,0
2_19,8,0
2_20,8,0
2_21,8,0
2_22,8,0
2_23,8,0
2_24,8,0
2_25,8,0
2_26,8,0
2_27,8,0
2_28,8,0
2_29,8,0
2_30,8,0
2_31,8,0
2_32,8,0
2_33,8,0
2_34,8,0
2_35,8,0
2_36,8,0
2_37,8,0
2_38,8,0
2_39,8,0
2_40,8,0
2_41,8,0
2_49,8,0
2_52,8,0
2_54,8,0
2_57,7,0
2_58,8,0
2_61,8,0
2_64,8,0
2_66,11,0
2_68,8,0
2_70,8,0
2_71,8,0
2_72,23,0
2_73,8,0
2_74,8,0
2_76,8,0
2_78,8,0
2_79,8,0
2_82,8,0
2_83,8,0
2_85,8,0
2_86,8,0
2_87,8,0
2_88,8,0
2_89,8,0
2_91,8,0
2_93,8,0
2_96,8,0
2_100,23,0
2_101,8,0
2_103,8,0
2_104,8,0
2_108,8,0
2_109,8,0
2_111,8,0
2_112,8,0
2_113,8,0
2_114,8,0
2_115,8,0
2_119,8,0
2_120,8,0
2_121,8,0
2_123,8,0
2_126,8,0
2_127,8,0
2_128,8,0
2_129,8,0
2_132,8,0
2_134,8,0
2_135,8,0
2_140,8,0
2_142,8,0
2_145,8,0
2_149,8,0
2_150,8,0
2_155,8,0
2_157,33,0
2_161,8,0
2_163,8,0
2_164,32,0
2_166,8,0
2_168,8,0
2_169,8,0
2_170,8,0
2_172,8,0
2_173,8,0
2_175,8,0
2_177,8,0
2_183,8,0
2_186,8,0
2_187,8,0
2_188,8,0
2_193,8,0
2_196,8,0
2_197,8,0
2_198,8,0
2_201,8,0
2_204,8,0
2_210,8,0
2_215,8,0
2_218,8,0
2_222,8,0
2_226,8,0
2_231,8,0
2_234,8,0
2_236,8,0
2_237,8,0
2_238,0,0
2_241,8,0
2_247,8,0
2_248,23,0
2_250,8,0
2_255,8,0
2_259,8,0
2_265,8,0
2_267,8,0
2_268,8,0
2_276,8,0
2_277,8,0
2_279,8,0
2_280,8,0
2_286,8,0
2_295,8,0
2_297,23,0
2_309,8,0
2_312,8,0
2_315,8,0
2_318,8,0
2_323,8,0
2_325,8,0
2_332,8,0
2_333,8,0
2_341,8,0
2_347,8,0
2_350,8,0
2_354,8,0
2_355,8,0
2_362,8,0
2_365,8,0
2_372,8,0
2_374,8,0
2_382,8,0
2_396,8,0
2_397,8,0
2_402,8,0
2_406,8,0
2_408,8,0
2_410,8,0
2_416,8,0
4_131,14,0
7_87,21,0
4_81,14,0
7_111,21,0
9_86,23,0
12_41,27,0
15_121,0,0
2_116,8,0
2_122,0,0
2_131,8,0
2_138,8,0
2_143,8,0
2_144,8,0
2_146,8,0
2_158,8,0
2_179,8,0
2_184,8,0
2_191,8,0
2_200,8,0
2_219,8,0
2_220,8,0
2_245,8,0
2_246,8,0
2_261,8,0
2_264,8,0
2_266,8,0
2_275,8,0
2_298,8,0
2_326,8,0
2_328,8,0
2_329,8,0
2_334,8,0
2_352,8,0
2_356,8,0
2_357,8,0
2_385,8,0
2_393,8,0
2_394,8,0
2_395,8,0
2_400,8,0
2_411,0,0
2_422,8,0
2_423,8,0
22_173,33,0
4_200,5,0
4_62,14,0
5_125,17,0
8_119,22,0
12_90,23,0
12_386,27,0
22_137,33,0
2_152,8,0
2_165,8,0
2_185,8,0
2_194,8,0
2_206,8,0
2_214,8,0
2_228,8,0
2_235,8,0
2_239,8,0
2_262,8,0
2_294,8,0
2_304,8,0
2_310,8,0
2_313,8,0
2_324,8,0
2_336,8,0
2_343,8,0
2_351,14,0
2_353,8,0
2_367,8,0
2_375,8,0
2_379,8,0
2_392,8,0
2_412,8,0
2_414,8,0
9_164,23,0
12_226,27,0
17_75,30,0
2_156,8,0
2_180,8,0
2_203,8,0
2_217,8,0
2_232,8,0
2_254,8,0
2_288,8,0
2_335,8,0
2_337,8,0
2_360,8,0
2_361,34,0
2_404,8,0
2_407,8,0
2_413,8,0
7_120,8,0
9_159,23,0
12_358,27,0
12_91,27,0
15_96,0,0
17_53,30,0
4_332,8,0
12_108,27,0
22_101,8,0
2_223,8,0
2_227,8,0
2_257,8,0
2_287,8,0
2_317,8,0
2_366,8,0
2_387,8,0
2_388,8,0
2_391,8,0
2_405,8,0
7_137,21,0
15_109,0,0
5_229,17,0
7_175,21,0
8_188,22,0
12_42,27,0
22_60,33,0
2_190,8,0
2_278,8,0
2_291,8,0
2_327,8,0
2_368,8,0
2_369,8,0
2_420,8,0
12_193,27,0
6_53,19,0
2_209,8,0
2_269,8,0
2_311,8,0
2_321,8,0
2_322,8,0
2_338,8,0
2_346,8,0
2_348,8,0
2_358,8,0
2_370,8,0
7_71,21,0
8_147,28,0
13_51,28,0
2_282,8,0
2_308,21,0
2_378,8,0
7_89,21,0
7_201,21,0
5_74,17,0
2_202,8,0
2_272,8,0
2_305,8,0
2_359,8,0
2_373,8,0
2_403,21,0
4_348,14,0
4_252,14,0
9_135,23,0
2_285,8,0
12_44,27,0
9_151,23,0
2_371,8,0
2_398,8,0
15_106,27,0
2_383,8,0
4_150,14,0
7_229,21,0
4_219,14,0
22_188,33,0
7_118,21,0
22_102,8,0
9_193,23,0
17_105,30,0
2_342,8,0
2_419,8,0
12_138,27,0
2_270,8,0
9_309,23,0
4_160,14,0
2_381,8,0
9_316,23,0
9_79,23,0
10_237,25,0
6_75,19,0
17_0,30,0
22_42,33,0
2_314,8,0
4_440,14,0
4_265,14,0
3_125,13,0
2_386,8,0
13_60,28,0
10_250,25,0
10_85,25,0
17_68,20,0
2_349,8,0
13_91,28,0
15_92,0,0
2_290,8,0
2_389,8,0
3_111,13,0
22_50,33,0
23_32,28,0
3_329,13,0
4_163,14,0
7_129,21,0
8_111,22,0
7_70,21,0
8_144,22,0
9_328,23,0
4_320,14,0
17_67,30,0
2_390,8,0
5_195,17,0
8_130,22,0
9_81,23,0
17_151,30,0
22_39,33,0
23_48,28,0
17_78,30,0
22_201,33,0
3_43,13,0
5_92,17,0
15_102,0,0
22_116,33,0
5_3,17,0
22_164,33,0
5_193,17,0
14_169,29,0
10_28,25,0
9_155,23,0
13_59,28,0
6_218,19,0
4_454,14,0
4_398,14,0
6_43,8,0
9_138,23,0
4_305,14,0
6_164,19,0
7_184,14,0
9_302,8,0
15_104,0,0
7_204,21,0
12_156,27,0
14_206,8,0
22_165,33,0
7_126,21,0
18_63,31,0
22_69,21,0
18_65,31,0
12_323,27,0
13_187,28,0
12_59,27,0
4_448,21,0
17_56,30,0
12_201,27,0
7_243,21,0
4_56,14,0
21_54,32,0
9_154,23,0
11_265,26,0
12_72,27,0
12_144,27,0
4_254,14,0
12_128,27,0
7_79,21,0
18_64,31,0
4_58,14,0
18_106,31,0
11_43,26,0
12_285,10,0
4_130,14,0
10_157,25,0
13_126,2,0
21_36,32,0
12_177,27,0
9_218,23,0
5_122,17,0
5_61,17,0
7_172,21,0
8_125,22,0
7_100,21,0
5_59,17,0
4_72,14,0
12_47,27,0
23_34,28,0
5_166,17,0
18_56,31,0
6_73,19,0
3_170,13,0
17_43,30,0
4_279,14,0
6_158,19,0
12_272,27,0
5_151,17,0
14_77,29,0
21_121,32,0
17_82,7,0
22_176,7,0
12_46,27,0
4_8,8,0
7_185,21,0
12_385,27,0
4_152,11,0
12_189,27,0
8_159,22,0
4_57,14,0
9_310,23,0
9_83,23,0
5_57,17,0
5_172,17,0
6_35,19,0
7_246,8,0
12_49,27,0
12_212,27,0
12_297,27,0
18_83,31,0
3_146,13,0
7_159,21,0
9_107,23,0
7_199,21,0
12_407,8,0
14_118,29,0
22_239,33,0
21_38,32,0
9_132,23,0
12_82,13,0
5_102,17,0
7_163,21,0
9_150,23,0
15_111,0,0
22_1,33,0
12_161,8,0
8_91,22,0
3_39,13,0
22_240,8,0
12_174,29,0
22_228,33,0
5_55,17,0
7_180,8,0
10_34,25,0
5_103,17,0
8_165,22,0
22_49,33,0
12_238,27,0
9_148,23,0
8_105,22,0
21_42,32,0
22_84,33,0
7_236,21,0
10_87,25,0
5_171,17,0
13_54,28,0
9_80,23,0
11_244,26,0
21_66,32,0
3_34,13,0
5_153,17,0
9_93,23,0
7_191,21,0
12_131,27,0
7_250,21,0
4_102,14,0
7_78,21,0
13_137,28,0
3_100,13,0
7_74,21,0
12_269,27,0
9_153,23,0
22_135,33,0
11_49,26,0
5_66,17,0
7_206,21,0
7_122,21,0
12_346,27,0
11_173,26,0
18_51,31,0
12_79,27,0
15_122,21,0
4_159,14,0
6_26,19,0
21_32,32,0
18_148,31,0
5_78,17,0
12_40,27,0
5_175,17,0
8_114,22,0
11_51,26,0
6_54,19,0
9_88,23,0
8_138,22,0
9_90,23,0
10_48,25,0
24_32,34,0
4_78,14,0
18_145,31,0
9_312,23,0
10_245,25,0
4_445,14,0
5_112,17,0
21_98,8,0
17_45,30,0
24_29,34,0
14_28,29,0
14_80,29,0
9_102,23,0
17_130,30,0
12_57,27,0
9_82,23,0
7_135,26,0
4_126,14,0
10_129,25,0
21_39,32,0
4_241,14,0
22_114,33,0
3_113,13,0
4_92,14,0
8_178,22,0
7_80,21,0
12_76,12,0
11_209,26,0
11_115,26,0
12_228,27,0
7_108,20,0
22_99,33,0
3_0,13,0
3_31,13,0
3_33,13,0
3_35,13,0
3_36,13,0
3_40,13,0
3_41,13,0
3_42,13,0
3_44,13,0
3_45,13,0
3_46,13,0
3_47,13,0
3_48,13,0
3_50,13,0
3_51,13,0
3_52,13,0
3_54,13,0
3_55,13,0
3_56,13,0
3_59,13,0
3_60,13,0
3_61,13,0
3_64,13,0
3_65,13,0
3_66,13,0
3_67,13,0
3_68,13,0
3_69,13,0
3_74,13,0
3_77,13,0
3_78,13,0
3_86,13,0
3_88,13,0
3_97,13,0
3_104,13,0
3_106,13,0
3_109,22,0
3_118,13,0
3_121,13,0
3_126,13,0
3_129,13,0
3_134,13,0
3_136,13,0
3_147,13,0
3_148,13,0
3_151,13,0
3_152,13,0
3_157,13,0
3_158,13,0
3_159,13,0
3_162,13,0
3_163,13,0
3_164,13,0
3_169,13,0
3_171,13,0
3_172,13,0
3_173,13,0
3_184,13,0
3_188,13,0
3_192,13,0
3_202,13,0
3_204,13,0
3_208,13,0
3_223,13,0
3_224,13,0
3_227,13,0
3_228,13,0
3_233,13,0
3_243,23,0
3_245,13,0
3_246,13,0
3_249,13,0
3_254,13,0
3_255,13,0
3_258,13,0
3_261,13,0
3_264,13,0
3_269,13,0
3_270,13,0
3_271,13,0
3_274,13,0
3_277,13,0
3_278,13,0
3_282,13,0
3_287,13,0
3_288,13,0
3_291,13,0
3_297,13,0
3_298,13,0
3_308,13,0
3_312,13,0
3_313,13,0
3_315,13,0
3_317,13,0
3_319,13,0
3_320,13,0
3_323,13,0
3_328,13,0
6_30,19,0
3_1,13,0
3_2,13,0
3_3,13,0
3_4,13,0
3_5,13,0
3_6,13,0
3_7,13,0
3_8,13,0
3_9,13,0
3_10,13,0
3_11,13,0
3_12,13,0
3_13,13,0
3_14,13,0
3_15,13,0
3_16,13,0
3_17,13,0
3_18,13,0
3_19,13,0
3_20,13,0
3_21,13,0
3_22,13,0
3_23,13,0
3_24,13,0
3_25,13,0
3_26,13,0
3_27,13,0
3_28,13,0
3_29,13,0
3_30,13,0
3_38,13,0
3_49,13,0
3_53,13,0
3_58,13,0
3_62,13,0
3_63,13,0
3_70,13,0
3_72,13,0
3_75,13,0
3_76,13,0
3_79,13,0
3_80,13,0
3_81,13,0
3_82,13,0
3_84,13,0
3_85,13,0
3_87,13,0
3_89,13,0
3_90,13,0
3_91,13,0
3_93,13,0
3_94,13,0
3_98,13,0
3_101,13,0
3_102,13,0
3_103,13,0
3_105,13,0
3_107,13,0
3_108,13,0
3_112,13,0
3_114,13,0
3_115,13,0
3_116,13,0
3_117,13,0
3_119,13,0
3_122,13,0
3_124,13,0
3_127,13,0
3_130,13,0
3_132,13,0
3_139,13,0
3_141,13,0
3_142,13,0
3_143,13,0
3_153,13,0
3_156,13,0
3_165,13,0
3_175,13,0
3_177,13,0
3_179,13,0
3_183,13,0
3_186,13,0
3_187,13,0
3_190,13,0
3_195,13,0
3_197,13,0
3_198,13,0
3_200,13,0
3_205,13,0
3_206,13,0
3_214,13,0
3_219,13,0
3_222,13,0
3_226,13,0
3_238,13,0
3_241,13,0
3_247,13,0
3_250,13,0
3_251,13,0
3_252,13,0
3_259,13,0
3_262,13,0
3_263,13,0
3_266,13,0
3_267,13,0
3_268,13,0
3_272,13,0
3_273,13,0
3_275,13,0
3_281,13,0
3_283,13,0
3_284,13,0
3_299,13,0
3_304,13,0
3_307,13,0
3_316,13,0
3_326,13,0
3_334,13,0
3_57,13,0
3_73,13,0
3_83,13,0
3_95,13,0
3_96,13,0
3_110,13,0
3_131,13,0
3_133,13,0
3_135,13,0
3_137,13,0
3_138,13,0
3_140,13,0
3_145,13,0
3_155,13,0
3_161,13,0
3_166,13,0
3_174,13,0
3_180,13,0
3_189,13,0
3_191,13,0
3_193,13,0
3_207,13,0
3_210,13,0
3_216,13,0
3_217,13,0
3_220,13,0
3_225,13,0
3_230,13,0
3_232,13,0
3_235,13,0
3_244,13,0
3_248,13,0
3_257,13,0
3_265,13,0
3_292,13,0
3_293,13,0
3_302,13,0
3_309,13,0
3_324,13,0
3_327,13,0
3_92,13,0
3_99,13,0
3_154,13,0
3_176,13,0
3_178,13,0
3_182,13,0
3_194,13,0
3_196,13,0
3_199,13,0
3_213,13,0
3_218,13,0
3_221,13,0
3_237,13,0
3_239,13,0
3_253,13,0
3_330,13,0
3_120,13,0
3_123,13,0
3_150,13,0
3_181,13,0
3_185,13,0
3_201,13,0
3_212,13,0
3_234,13,0
3_242,13,0
3_289,13,0
3_305,13,0
3_318,13,0
3_321,13,0
3_325,13,0
3_160,13,0
3_167,13,0
3_168,13,0
3_211,13,0
3_215,13,0
3_236,13,0
3_240,13,0
3_279,13,0
3_285,13,0
3_301,13,0
3_314,13,0
3_331,13,0
3_332,13,0
3_149,13,0
3_229,13,0
3_231,13,0
3_276,13,0
3_310,13,0
15_90,0,0
3_209,13,0
3_280,13,0
3_290,13,0
3_333,13,0
8_160,22,0
3_144,13,0
3_306,13,0
3_303,13,0
4_343,14,0
3_260,13,0
3_203,13,0
12_159,27,0
3_311,13,0
4_90,13,0
3_300,13,0
4_294,14,0
12_210,13,0
3_296,13,0
3_295,13,0
4_67,14,0
9_141,23,0
3_322,13,0
8_146,22,0
5_225,9,0
8_186,22,0
9_196,23,0
9_185,23,0
4_187,14,0
15_91,20,0
4_242,14,0
12_411,13,0
9_239,23,0
12_191,27,0
15_93,25,0
8_112,14,0
4_379,14,0
12_196,27,0
4_329,14,0
15_115,0,0
12_54,27,0
8_80,22,0
8_189,22,0
12_240,27,0
4_0,14,0
4_54,14,0
4_55,14,0
4_60,20,0
4_63,14,0
4_64,14,0
4_65,14,0
4_73,14,0
4_74,14,0
4_76,14,0
4_77,14,0
4_83,22,0
4_84,14,0
4_85,30,0
4_86,14,0
4_93,14,0
4_98,14,0
4_100,14,0
4_103,14,0
4_118,14,0
4_121,34,0
4_122,14,0
4_124,14,0
4_128,14,0
4_137,14,0
4_140,14,0
4_144,14,0
4_146,14,0
4_149,14,0
4_151,14,0
4_154,14,0
4_156,0,0
4_157,14,0
4_166,14,0
4_172,14,0
4_181,14,0
4_184,14,0
4_185,30,0
4_189,14,0
4_190,22,0
4_191,14,0
4_193,14,0
4_195,14,0
4_196,14,0
4_197,14,0
4_199,14,0
4_201,14,0
4_202,14,0
4_210,14,0
4_212,14,0
4_213,14,0
4_217,14,0
4_220,14,0
4_223,14,0
4_224,14,0
4_227,14,0
4_230,14,0
4_240,14,0
4_244,14,0
4_246,14,0
4_257,14,0
4_258,14,0
4_262,14,0
4_266,14,0
4_277,14,0
4_280,14,0
4_285,14,0
4_289,14,0
4_296,14,0
4_299,14,0
4_300,14,0
4_301,14,0
4_303,14,0
4_309,14,0
4_319,14,0
4_322,14,0
4_325,14,0
4_331,14,0
4_342,14,0
4_351,14,0
4_354,14,0
4_356,14,0
4_366,14,0
4_369,14,0
4_370,14,0
4_373,22,0
4_377,14,0
4_382,14,0
4_386,14,0
4_387,12,0
4_399,14,0
4_401,14,0
4_406,14,0
4_407,14,0
4_408,14,0
4_410,14,0
4_414,14,0
4_424,14,0
4_425,14,0
4_430,14,0
4_434,14,0
4_439,14,0
4_443,14,0
4_457,14,0
4_1,14,0
4_2,14,0
4_3,14,0
4_4,14,0
4_5,14,0
4_6,14,0
4_7,14,0
4_9,14,0
4_10,14,0
4_11,14,0
4_12,14,0
4_13,14,0
4_14,14,0
4_15,14,0
4_16,14,0
4_17,14,0
4_18,14,0
4_19,14,0
4_20,14,0
4_21,14,0
4_22,14,0
4_23,14,0
4_24,14,0
4_25,14,0
4_26,14,0
4_27,14,0
4_28,14,0
4_29,14,0
4_30,14,0
4_31,14,0
4_32,14,0
4_33,14,0
4_34,14,0
4_35,14,0
4_36,14,0
4_37,14,0
4_38,14,0
4_39,14,0
4_40,14,0
4_41,14,0
4_42,14,0
4_43,14,0
4_44,14,0
4_45,14,0
4_46,14,0
4_47,14,0
4_48,14,0
4_49,14,0
4_50,14,0
4_51,14,0
4_52,14,0
4_53,14,0
4_61,14,0
4_66,14,0
4_70,14,0
4_75,14,0
4_79,14,0
4_80,14,0
4_82,14,0
4_87,22,0
4_89,14,0
4_91,14,0
4_94,14,0
4_95,14,0
4_96,14,0
4_97,14,0
4_99,14,0
4_104,14,0
4_105,14,0
4_106,14,0
4_107,14,0
4_108,14,0
4_109,14,0
4_110,14,0
4_111,14,0
4_112,14,0
4_113,14,0
4_114,14,0
4_116,14,0
4_117,14,0
4_120,14,0
4_123,14,0
4_125,14,0
4_127,14,0
4_129,14,0
4_132,14,0
4_134,14,0
4_135,14,0
4_136,14,0
4_139,14,0
4_141,14,0
4_145,14,0
4_147,14,0
4_148,14,0
4_153,14,0
4_158,14,0
4_161,14,0
4_164,14,0
4_167,0,0
4_169,14,0
4_173,14,0
4_175,14,0
4_177,14,0
4_178,14,0
4_179,14,0
4_182,14,0
4_186,14,0
4_188,14,0
4_198,14,0
4_203,14,0
4_205,14,0
4_206,14,0
4_207,14,0
4_208,14,0
4_215,14,0
4_221,14,0
4_222,14,0
4_226,14,0
4_234,14,0
4_236,14,0
4_237,14,0
4_239,14,0
4_251,14,0
4_253,14,0
4_255,14,0
4_256,14,0
4_267,14,0
4_268,14,0
4_272,14,0
4_273,14,0
4_275,26,0
4_281,14,0
4_284,14,0
4_293,14,0
4_295,14,0
4_304,14,0
4_308,14,0
4_310,14,0
4_311,14,0
4_316,14,0
4_317,14,0
4_324,14,0
4_327,14,0
4_335,14,0
4_336,14,0
4_338,14,0
4_340,14,0
4_361,14,0
4_364,14,0
4_368,14,0
4_372,14,0
4_375,14,0
4_390,14,0
4_409,14,0
4_418,14,0
4_419,14,0
4_426,14,0
4_427,14,0
4_436,14,0
4_441,14,0
4_442,14,0
4_447,14,0
4_452,14,0
4_459,14,0
15_95,0,0
4_101,14,0
4_115,14,0
4_138,3,0
4_142,14,0
4_174,14,0
4_180,14,0
4_214,14,0
4_216,14,0
4_228,14,0
4_229,14,0
4_232,14,0
4_238,14,0
4_243,14,0
4_245,14,0
4_248,14,0
4_250,14,0
4_263,22,0
4_269,14,0
4_287,14,0
4_302,14,0
4_315,14,0
4_318,14,0
4_328,14,0
4_337,14,0
4_345,14,0
4_346,14,0
4_350,14,0
4_357,14,0
4_360,14,0
4_378,14,0
4_391,14,0
4_396,14,0
4_397,14,0
4_400,14,0
4_405,14,0
4_413,14,0
4_428,14,0
4_453,14,0
8_182,22,0
11_50,26,0
6_51,19,0
4_183,14,0
4_192,27,0
4_209,14,0
4_225,14,0
4_233,14,0
4_260,14,0
4_261,14,0
4_264,14,0
4_270,14,0
4_292,14,0
4_306,14,0
4_313,29,0
4_341,14,0
4_347,14,0
4_349,15,0
4_353,14,0
4_359,22,0
4_371,14,0
4_376,14,0
4_380,14,0
4_393,14,0
4_394,14,0
4_404,14,0
4_415,14,0
4_421,14,0
4_423,14,0
4_431,14,0
4_456,14,0
4_458,14,0
5_53,16,0
4_171,14,0
4_194,14,0
4_231,14,0
4_259,14,0
4_274,14,0
4_276,14,0
4_307,14,0
4_314,14,0
4_384,14,0
4_395,14,0
4_422,14,0
4_433,14,0
4_451,14,0
9_282,23,0
4_170,14,0
4_204,14,0
4_271,14,0
4_278,14,0
4_288,14,0
4_312,14,0
4_389,14,0
7_264,21,0
4_235,14,0
4_249,14,0
4_330,34,0
4_333,14,0
4_411,14,0
4_417,14,0
4_460,14,0
11_261,15,0
4_247,14,0
4_283,14,0
4_286,14,0
4_344,14,0
4_365,14,0
4_381,14,0
4_385,14,0
4_403,14,0
4_432,14,0
4_437,14,0
12_190,20,0
4_297,14,0
4_334,14,0
4_358,14,0
4_383,14,0
4_438,14,0
4_444,14,0
4_446,14,0
17_175,30,0
4_211,14,0
4_282,14,0
4_326,14,0
4_363,14,0
12_107,27,0
4_155,14,0
4_176,14,0
4_321,14,0
4_352,14,0
4_388,14,0
4_392,14,0
4_367,14,0
4_449,14,0
13_127,23,0
4_429,14,0
21_25,32,0
22_51,33,0
4_420,14,0
9_197,23,0
4_218,14,0
4_416,14,0
4_435,14,0
4_339,14,0
4_355,14,0
7_125,21,0
4_298,14,0
4_402,14,0
12_43,27,0
22_110,33,0
15_108,0,0
9_219,23,0
17_41,30,0
5_95,17,0
12_137,27,0
11_56,26,0
17_49,30,0
10_30,25,0
9_235,14,0
22_56,33,0
4_412,14,0
13_195,13,0
12_178,27,0
10_32,25,0
9_177,23,0
6_174,19,0
24_73,34,0
22_44,33,0
12_305,27,0
17_188,30,0
4_323,14,0
4_455,14,0
9_200,23,0
7_140,21,0
12_197,27,0
15_116,0,0
14_45,29,0
8_99,22,0
12_338,27,0
18_134,31,0
17_59,14,0
24_40,34,0
7_247,14,0
12_332,27,0
13_52,28,0
17_133,30,0
12_133,27,0
9_255,23,0
5_144,30,0
13_98,30,0
23_35,28,0
8_81,22,0
13_83,28,0
13_61,28,0
8_139,22,0
12_313,27,0
17_47,30,0
14_33,29,0
11_54,26,0
22_86,33,0
12_147,27,0
8_104,22,0
22_57,33,0
7_183,21,0
13_82,28,0
13_192,28,0
6_143,19,0
12_314,27,0
18_187,31,0
5_223,17,0
14_90,29,0
11_57,26,0
8_126,22,0
8_86,22,0
6_31,19,0
8_190,22,0
7_68,21,0
15_97,0,0
7_77,21,0
9_136,23,0
12_50,27,0
21_82,14,0
8_117,22,0
18_89,21,0
7_109,21,0
12_316,27,0
8_83,22,0
7_72,21,0
17_98,17,0
10_2,25,0
9_192,16,0
7_176,21,0
5_163,17,0
8_164,22,0
23_39,28,0
7_119,21,0
8_150,22,0
17_46,30,0
18_60,31,0
10_190,25,0
12_185,27,0
22_38,33,0
13_136,28,0
11_136,26,0
10_102,25,0
6_40,19,0
13_62,20,0
8_194,14,0
23_42,28,0
22_37,33,0
8_77,22,0
15_107,29,0
7_76,21,0
12_294,27,0
5_52,17,0
9_299,23,0
12_106,27,0
8_98,22,0
9_152,23,0
14_30,29,0
13_173,28,0
22_186,33,0
12_83,27,0
6_201,19,0
24_97,34,0
9_321,23,0
12_125,27,0
8_94,22,0
5_0,17,0
5_51,17,0
5_54,17,0
5_56,17,0
5_60,17,0
5_63,17,0
5_65,17,0
5_68,17,0
5_69,17,0
5_70,17,0
5_76,17,0
5_77,17,0
5_80,17,0
5_81,17,0
5_83,17,0
5_85,17,0
5_86,17,0
5_87,17,0
5_89,17,0
5_90,17,0
5_94,17,0
5_96,17,0
5_100,17,0
5_101,17,0
5_108,17,0
5_109,17,0
5_113,17,0
5_114,17,0
5_115,17,0
5_116,17,0
5_118,17,0
5_127,17,0
5_129,17,0
5_131,17,0
5_132,17,0
5_133,17,0
5_135,17,0
5_142,17,0
5_143,17,0
5_145,17,0
5_146,17,0
5_147,17,0
5_148,17,0
5_157,17,0
5_159,17,0
5_160,17,0
5_162,17,0
5_164,17,0
5_169,17,0
5_173,17,0
5_177,17,0
5_178,17,0
5_179,17,0
5_184,17,0
5_188,17,0
5_196,17,0
5_200,17,0
5_202,17,0
5_209,17,0
5_210,17,0
5_216,17,0
5_220,17,0
5_221,17,0
5_222,17,0
5_226,17,0
5_227,17,0
5_230,17,0
5_234,17,0
5_235,17,0
5_237,17,0
5_238,17,0
5_239,17,0
5_240,17,0
5_1,17,0
5_2,17,0
5_4,17,0
5_5,17,0
5_6,17,0
5_7,17,0
5_8,17,0
5_9,17,0
5_10,17,0
5_11,17,0
5_12,17,0
5_13,17,0
5_14,17,0
5_15,17,0
5_16,17,0
5_17,17,0
5_18,17,0
5_19,17,0
5_20,17,0
5_21,17,0
5_22,17,0
5_23,17,0
5_24,17,0
5_25,17,0
5_26,17,0
5_27,17,0
5_28,17,0
5_29,17,0
5_30,17,0
5_31,17,0
5_32,17,0
5_33,17,0
5_34,17,0
5_35,17,0
5_36,17,0
5_37,17,0
5_38,17,0
5_39,17,0
5_40,17,0
5_41,17,0
5_42,17,0
5_43,17,0
5_44,17,0
5_45,17,0
5_46,17,0
5_47,17,0
5_48,17,0
5_49,17,0
5_50,17,0
5_58,17,0
5_62,17,0
5_64,17,0
5_67,17,0
5_71,17,0
5_72,17,0
5_73,17,0
5_75,17,0
5_79,17,0
5_82,17,0
5_84,17,0
5_88,17,0
5_91,17,0
5_93,17,0
5_97,17,0
5_98,17,0
5_99,17,0
5_104,17,0
5_105,17,0
5_106,17,0
5_107,17,0
5_110,17,0
5_111,17,0
5_117,17,0
5_119,17,0
5_120,17,0
5_121,17,0
5_123,17,0
5_126,17,0
5_128,17,0
5_130,17,0
5_134,17,0
5_137,17,0
5_138,17,0
5_139,17,0
5_141,17,0
5_149,17,0
5_150,17,0
5_152,17,0
5_155,17,0
5_158,17,0
5_161,17,0
5_167,17,0
5_168,17,0
5_170,17,0
5_174,17,0
5_176,17,0
5_180,17,0
5_181,17,0
5_182,17,0
5_183,17,0
5_185,17,0
5_187,17,0
5_191,17,0
5_198,17,0
5_201,17,0
5_203,17,0
5_204,17,0
5_206,17,0
5_212,17,0
5_213,17,0
5_214,17,0
5_215,17,0
5_217,17,0
5_218,17,0
5_219,17,0
5_233,17,0
5_136,17,0
5_140,17,0
5_154,17,0
5_156,17,0
5_165,17,0
5_186,17,0
5_189,17,0
5_192,17,0
5_197,17,0
5_199,17,0
5_205,17,0
5_207,17,0
5_228,17,0
5_124,17,0
5_208,17,0
5_224,17,0
5_190,17,0
5_194,17,0
5_211,17,0
5_236,17,0
7_161,21,0
17_128,30,0
5_231,17,0
9_117,23,0
23_45,28,0
7_221,21,0
18_96,31,0
18_102,17,0
7_249,17,0
17_66,30,0
5_232,17,0
9_126,23,0
9_195,23,0
18_80,28,0
13_66,17,0
11_69,26,0
11_140,26,0
17_190,30,0
17_119,30,0
9_179,23,0
11_242,17,0
9_262,23,0
9_191,23,0
13_64,28,0
17_153,30,0
9_87,23,0
8_100,22,0
13_97,28,0
15_99,0,0
9_144,23,0
9_85,23,0
9_137,23,0
8_149,22,0
7_110,21,0
17_72,30,0
11_279,26,0
7_1,21,0
18_91,31,0
9_112,9,0
7_123,21,0
9_104,23,0
8_93,22,0
18_1,31,0
17_204,30,0
9_202,17,0
13_55,28,0
7_124,21,0
9_133,23,0
9_274,23,0
9_245,23,0
17_44,30,0
9_111,23,0
18_76,31,0
6_0,19,0
6_25,19,0
6_27,19,0
6_28,19,0
6_29,19,0
6_32,19,0
6_33,0,0
6_34,19,0
6_37,18,0
6_38,19,0
6_39,19,0
6_41,19,0
6_42,19,0
6_46,19,0
6_55,19,0
6_64,19,0
6_65,19,0
6_70,19,0
6_71,19,0
6_77,19,0
6_81,19,0
6_82,19,0
6_83,19,0
6_87,19,0
6_88,19,0
6_90,19,0
6_92,19,0
6_96,19,0
6_97,19,0
6_108,19,0
6_110,19,0
6_120,19,0
6_122,19,0
6_133,19,0
6_135,19,0
6_142,19,0
6_145,19,0
6_149,31,0
6_150,19,0
6_152,19,0
6_157,19,0
6_159,19,0
6_160,19,0
6_163,19,0
6_169,19,0
6_171,19,0
6_173,19,0
6_180,19,0
6_185,19,0
6_186,19,0
6_188,19,0
6_190,19,0
6_195,19,0
6_216,19,0
6_220,19,0
6_221,19,0
6_225,19,0
6_230,19,0
6_240,19,0
6_245,19,0
6_256,19,0
6_264,33,0
6_266,19,0
6_275,19,0
6_278,19,0
6_280,19,0
6_282,19,0
6_283,19,0
6_286,19,0
6_294,19,0
6_320,19,0
6_321,19,0
6_331,19,0
6_338,19,0
6_342,19,0
6_1,19,0
6_2,23,0
6_3,19,0
6_4,19,0
6_5,19,0
6_6,19,0
6_7,19,0
6_8,19,0
6_9,19,0
6_10,19,0
6_11,19,0
6_12,19,0
6_13,19,0
6_14,19,0
6_15,19,0
6_16,19,0
6_17,19,0
6_18,19,0
6_19,19,0
6_20,19,0
6_21,19,0
6_22,19,0
6_23,19,0
6_24,19,0
6_36,19,0
6_44,19,0
6_45,23,0
6_47,19,0
6_48,19,0
6_49,19,0
6_50,19,0
6_52,19,0
6_57,19,0
6_59,19,0
6_60,19,0
6_61,19,0
6_62,19,0
6_63,19,0
6_67,19,0
6_68,31,0
6_69,19,0
6_72,19,0
6_74,19,0
6_76,19,0
6_78,19,0
6_80,19,0
6_84,22,0
6_85,19,0
6_86,19,0
6_93,19,0
6_94,19,0
6_95,19,0
6_98,19,0
6_99,19,0
6_100,19,0
6_101,19,0
6_102,19,0
6_103,19,0
6_104,19,0
6_105,19,0
6_106,19,0
6_111,19,0
6_112,19,0
6_114,19,0
6_117,19,0
6_124,19,0
6_125,19,0
6_130,19,0
6_132,19,0
6_134,19,0
6_137,19,0
6_140,19,0
6_141,19,0
6_146,19,0
6_148,19,0
6_153,19,0
6_155,19,0
6_156,19,0
6_161,19,0
6_167,19,0
6_168,19,0
6_175,19,0
6_177,19,0
6_178,19,0
6_181,19,0
6_187,19,0
6_189,9,0
6_191,19,0
6_192,19,0
6_193,19,0
6_196,19,0
6_200,19,0
6_202,19,0
6_204,19,0
6_206,19,0
6_207,19,0
6_209,19,0
6_212,19,0
6_213,19,0
6_214,19,0
6_215,19,0
6_222,19,0
6_223,19,0
6_227,19,0
6_228,19,0
6_229,19,0
6_233,19,0
6_234,19,0
6_235,19,0
6_236,19,0
6_237,19,0
6_246,19,0
6_248,19,0
6_250,19,0
6_253,19,0
6_254,19,0
6_255,19,0
6_257,19,0
6_258,19,0
6_259,19,0
6_261,19,0
6_268,19,0
6_270,19,0
6_273,19,0
6_279,19,0
6_281,19,0
6_284,19,0
6_285,19,0
6_293,19,0
6_295,19,0
6_297,19,0
6_300,19,0
6_311,19,0
6_313,19,0
6_315,19,0
6_318,19,0
6_328,19,0
6_329,19,0
6_333,19,0
6_339,19,0
6_341,19,0
6_344,19,0
6_347,19,0
6_351,19,0
6_354,19,0
18_182,19,0
6_56,19,0
6_58,19,0
6_66,19,0
6_79,19,0
6_91,19,0
6_107,19,0
6_109,19,0
6_115,19,0
6_116,22,0
6_118,19,0
6_121,19,0
6_123,19,0
6_126,19,0
6_127,19,0
6_128,19,0
6_139,19,0
6_147,19,0
6_151,19,0
6_166,19,0
6_170,27,0
6_176,19,0
6_179,19,0
6_183,19,0
6_184,19,0
6_199,19,0
6_205,19,0
6_208,19,0
6_211,19,0
6_217,19,0
6_224,19,0
6_231,19,0
6_239,19,0
6_242,19,0
6_247,19,0
6_249,19,0
6_269,19,0
6_274,19,0
6_277,19,0
6_288,19,0
6_289,19,0
6_291,19,0
6_298,19,0
6_299,19,0
6_304,19,0
6_305,19,0
6_306,19,0
6_314,19,0
6_316,19,0
6_324,19,0
6_326,19,0
6_327,19,0
6_330,19,0
6_345,19,0
6_349,22,0
6_350,19,0
6_352,19,0
18_2,31,0
6_113,19,0
6_119,19,0
6_129,19,0
6_131,19,0
6_144,19,0
6_154,19,0
6_172,19,0
6_198,19,0
6_210,19,0
6_226,19,0
6_244,19,0
6_251,19,0
6_263,19,0
6_265,19,0
6_271,19,0
6_287,19,0
6_290,19,0
6_296,19,0
6_301,19,0
6_302,19,0
6_303,19,0
6_307,19,0
6_309,19,0
6_312,19,0
6_317,19,0
6_323,19,0
6_335,19,0
6_340,19,0
6_346,19,0
6_353,19,0
6_138,22,0
6_162,19,0
6_194,19,0
6_197,19,0
6_203,19,0
6_232,19,0
6_241,19,0
6_262,19,0
6_308,19,0
6_319,19,0
6_322,19,0
6_332,19,0
6_334,19,0
6_336,19,0
15_114,0,0
6_89,19,0
6_243,19,0
6_276,19,0
6_310,19,0
6_325,19,0
6_260,19,0
6_267,19,0
6_136,19,0
6_165,19,0
6_182,19,0
6_337,19,0
6_348,0,0
8_107,22,0
15_103,0,0
6_252,19,0
9_306,23,0
9_149,23,0
6_272,19,0
9_291,18,0
6_238,19,0
6_343,19,0
6_219,19,0
6_292,19,0
18_104,31,0
18_66,31,0
18_72,31,0
18_190,31,0
22_168,33,0
9_108,23,0
22_72,33,0
14_85,29,0
22_96,33,0
18_70,31,0
18_58,31,0
8_134,22,0
14_196,19,0
9_319,23,0
9_101,23,0
18_161,31,0
12_256,27,0
8_116,22,0
18_82,31,0
7_0,21,0
7_69,21,0
7_73,21,0
7_75,21,0
7_81,21,0
7_82,21,0
7_83,21,0
7_84,21,0
7_85,21,0
7_86,21,0
7_88,21,0
7_90,21,0
7_91,21,0
7_92,21,0
7_94,21,0
7_95,21,0
7_96,21,0
7_97,21,0
7_99,21,0
7_102,21,0
7_103,21,0
7_104,21,0
7_105,21,0
7_107,21,0
7_112,21,0
7_115,21,0
7_117,21,0
7_127,21,0
7_128,21,0
7_133,21,0
7_138,21,0
7_143,21,0
7_144,21,0
7_145,21,0
7_146,21,0
7_147,21,0
7_148,21,0
7_149,21,0
7_150,21,0
7_151,21,0
7_153,21,0
7_155,21,0
7_157,21,0
7_158,21,0
7_160,21,0
7_168,21,0
7_173,21,0
7_181,21,0
7_187,21,0
7_188,21,0
7_192,21,0
7_197,21,0
7_200,21,0
7_202,21,0
7_208,20,0
7_209,21,0
7_211,21,0
7_215,21,0
7_218,21,0
7_219,21,0
7_222,21,0
7_223,21,0
7_224,21,0
7_226,21,0
7_227,21,0
7_234,21,0
7_238,21,0
7_239,21,0
7_241,21,0
7_242,21,0
7_244,21,0
7_251,21,0
7_253,21,0
7_258,21,0
7_260,21,0
7_262,21,0
7_263,21,0
7_265,21,0
7_266,21,0
7_268,21,0
7_271,21,0
7_272,21,0
7_2,21,0
7_3,21,0
7_4,21,0
7_5,21,0
7_6,21,0
7_7,21,0
7_8,21,0
7_9,21,0
7_10,21,0
7_11,21,0
7_12,21,0
7_13,21,0
7_14,21,0
7_15,21,0
7_16,21,0
7_17,21,0
7_18,21,0
7_19,21,0
7_20,21,0
7_21,21,0
7_22,21,0
7_23,21,0
7_24,21,0
7_25,21,0
7_26,21,0
7_27,21,0
7_28,21,0
7_29,21,0
7_30,21,0
7_31,21,0
7_32,21,0
7_33,21,0
7_34,21,0
7_35,21,0
7_36,21,0
7_37,21,0
7_38,21,0
7_39,21,0
7_40,21,0
7_41,21,0
7_42,21,0
7_43,21,0
7_44,21,0
7_45,21,0
7_46,21,0
7_47,21,0
7_48,21,0
7_49,21,0
7_50,21,0
7_51,21,0
7_52,21,0
7_53,21,0
7_54,21,0
7_55,21,0
7_56,21,0
7_57,21,0
7_58,21,0
7_59,21,0
7_60,21,0
7_61,21,0
7_62,21,0
7_63,21,0
7_64,21,0
7_65,21,0
7_66,21,0
7_67,21,0
7_93,21,0
7_98,21,0
7_101,21,0
7_106,21,0
7_113,21,0
7_114,21,0
7_116,21,0
7_121,21,0
7_130,21,0
7_131,21,0
7_132,21,0
7_136,21,0
7_141,21,0
7_142,21,0
7_152,21,0
7_154,21,0
7_156,21,0
7_162,21,0
7_164,21,0
7_165,21,0
7_167,21,0
7_169,21,0
7_170,21,0
7_177,21,0
7_179,21,0
7_186,21,0
7_190,21,0
7_193,21,0
7_194,21,0
7_195,22,0
7_198,21,0
7_203,21,0
7_205,21,0
7_210,21,0
7_212,21,0
7_214,21,0
7_217,21,0
7_225,21,0
7_231,21,0
7_235,21,0
7_237,21,0
7_240,21,0
7_245,21,0
7_255,21,0
7_256,21,0
7_257,21,0
7_259,21,0
7_270,21,0
9_97,21,0
7_139,21,0
7_166,21,0
7_171,21,0
7_178,21,0
7_182,21,0
7_189,21,0
7_207,21,0
7_213,22,0
7_220,21,0
7_233,23,0
7_248,21,0
7_252,21,0
7_254,21,0
7_261,21,0
7_267,21,0
7_196,21,0
7_216,21,0
7_228,21,0
7_232,21,0
9_106,23,0
11_235,26,0
17_160,30,0
7_174,21,0
7_230,21,0
18_113,31,0
9_161,23,0
9_0,23,0
9_123,23,0
7_269,21,0
13_171,28,0
23_33,28,0
11_102,26,0
11_52,26,0
9_308,23,0
11_108,26,0
12_315,27,0
9_142,23,0
11_132,26,0
17_51,30,0
11_210,26,0
18_71,31,0
13_109,28,0
9_127,23,0
9_94,23,0
13_119,28,0
17_40,30,0
9_110,23,0
11_247,21,0
9_198,23,0
9_251,23,0
9_75,23,0
13_70,28,0
9_160,23,0
8_135,22,0
12_116,27,0
9_214,23,0
13_4,28,0
13_177,28,0
9_217,23,0
12_317,27,0
13_50,28,0
17_80,30,0
9_134,23,0
8_97,22,0
13_198,28,0
11_47,26,0
11_219,21,0
18_73,31,0
8_173,22,0
9_240,23,0
9_250,23,0
9_158,23,0
8_0,22,0
8_78,22,0
8_84,22,0
8_85,22,0
8_88,22,0
8_92,22,0
8_95,22,0
8_103,22,0
8_106,22,0
8_110,22,0
8_118,22,0
8_121,20,0
8_122,22,0
8_127,22,0
8_128,22,0
8_129,22,0
8_131,22,0
8_141,22,0
8_155,22,0
8_158,22,0
8_163,22,0
8_166,22,0
8_171,22,0
8_172,24,0
8_175,22,0
8_176,22,0
8_177,0,0
8_180,22,0
8_184,22,0
8_185,22,0
8_191,22,0
8_1,22,0
8_2,22,0
8_3,22,0
8_4,22,0
8_5,22,0
8_6,22,0
8_7,22,0
8_8,22,0
8_9,22,0
8_10,22,0
8_11,22,0
8_12,22,0
8_13,22,0
8_14,22,0
8_15,22,0
8_16,22,0
8_17,22,0
8_18,22,0
8_19,22,0
8_20,22,0
8_21,22,0
8_22,22,0
8_23,22,0
8_24,22,0
8_25,22,0
8_26,22,0
8_27,22,0
8_28,22,0
8_29,22,0
8_30,22,0
8_31,22,0
8_32,22,0
8_33,22,0
8_34,22,0
8_35,22,0
8_36,22,0
8_37,22,0
8_38,22,0
8_39,22,0
8_40,22,0
8_41,22,0
8_42,22,0
8_43,22,0
8_44,22,0
8_45,22,0
8_46,22,0
8_47,22,0
8_48,22,0
8_49,22,0
8_50,22,0
8_51,22,0
8_52,22,0
8_53,22,0
8_54,22,0
8_55,22,0
8_56,22,0
8_57,22,0
8_58,22,0
8_59,22,0
8_60,22,0
8_61,22,0
8_62,22,0
8_63,22,0
8_64,22,0
8_65,22,0
8_66,22,0
8_67,22,0
8_68,22,0
8_69,22,0
8_70,22,0
8_71,22,0
8_72,22,0
8_73,22,0
8_74,22,0
8_75,22,0
8_76,22,0
8_102,22,0
8_108,22,0
8_109,22,0
8_115,22,0
8_120,22,0
8_123,22,0
8_124,22,0
8_132,22,0
8_137,22,0
8_142,22,0
8_143,22,0
8_145,22,0
8_151,22,0
8_152,22,0
8_153,22,0
8_154,22,0
8_161,22,0
8_168,22,0
8_174,22,0
8_179,22,0
8_181,22,0
8_196,22,0
8_140,22,0
8_148,22,0
8_156,25,0
8_167,22,0
10_161,25,0
8_169,22,0
8_193,22,0
18_98,31,0
11_250,26,0
12_53,27,0
21_47,32,0
8_187,22,0
11_46,26,0
11_232,26,0
9_147,22,0
12_157,27,0
10_137,25,0
10_63,25,0
17_42,30,0
22_52,33,0
10_31,25,0
12_52,27,0
14_170,29,0
10_186,25,0
24_2,34,0
12_405,27,0
12_246,27,0
22_58,33,0
14_29,29,0
12_370,27,0
17_48,30,0
14_62,29,0
12_258,27,0
11_104,26,0
12_118,27,0
22_87,33,0
13_103,28,0
13_134,28,0
24_30,34,0
24_63,34,0
21_86,24,0
9_91,23,0
11_118,26,0
14_52,29,0
9_116,23,0
9_129,23,0
12_126,27,0
14_130,29,0
10_156,25,0
18_149,31,0
11_256,26,0
12_155,27,0
9_244,23,0
22_70,33,0
9_76,23,0
9_77,23,0
9_78,23,0
9_89,23,0
9_96,23,0
9_99,23,0
9_100,23,0
9_119,23,0
9_124,23,0
9_125,23,0
9_143,23,0
9_146,23,0
9_167,23,0
9_169,23,0
9_170,23,0
9_174,23,0
9_175,23,0
9_178,23,0
9_181,23,0
9_182,23,0
9_183,23,0
9_188,23,0
9_190,23,0
9_201,23,0
9_203,23,0
9_204,23,0
9_205,23,0
9_212,23,0
9_213,23,0
9_215,23,0
9_221,23,0
9_226,23,0
9_227,23,0
9_228,23,0
9_229,23,0
9_231,23,0
9_233,23,0
9_237,23,0
9_238,23,0
9_241,23,0
9_243,23,0
9_247,23,0
9_257,23,0
9_263,23,0
9_264,23,0
9_266,26,0
9_272,23,0
9_273,23,0
9_275,23,0
9_280,23,0
9_281,23,0
9_283,23,0
9_288,23,0
9_292,23,0
9_297,23,0
9_304,23,0
9_305,23,0
9_307,23,0
9_313,23,0
9_323,23,0
9_325,23,0
9_327,23,0
9_330,23,0
9_332,23,0
9_333,23,0
9_1,23,0
9_2,23,0
9_3,23,0
9_5,23,0
9_6,23,0
9_7,23,0
9_8,23,0
9_9,23,0
9_10,23,0
9_11,23,0
9_12,23,0
9_13,23,0
9_14,23,0
9_15,23,0
9_16,23,0
9_17,23,0
9_18,23,0
9_19,23,0
9_20,23,0
9_21,23,0
9_22,23,0
9_23,23,0
9_24,23,0
9_25,23,0
9_26,23,0
9_27,23,0
9_28,23,0
9_29,23,0
9_30,23,0
9_31,23,0
9_32,23,0
9_33,23,0
9_34,23,0
9_35,23,0
9_36,23,0
9_37,23,0
9_38,23,0
9_39,23,0
9_40,23,0
9_41,23,0
9_42,23,0
9_43,23,0
9_44,23,0
9_45,23,0
9_46,23,0
9_47,23,0
9_48,23,0
9_49,23,0
9_50,23,0
9_51,23,0
9_52,23,0
9_53,23,0
9_54,23,0
9_55,23,0
9_56,23,0
9_57,23,0
9_58,23,0
9_59,23,0
9_60,23,0
9_61,23,0
9_62,23,0
9_63,23,0
9_64,23,0
9_65,23,0
9_66,23,0
9_67,23,0
9_68,23,0
9_69,23,0
9_70,23,0
9_71,23,0
9_72,23,0
9_73,23,0
9_105,23,0
9_109,23,0
9_114,23,0
9_115,23,0
9_118,23,0
9_120,23,0
9_121,23,0
9_122,23,0
9_145,23,0
9_156,23,0
9_157,23,0
9_163,23,0
9_168,23,0
9_172,23,0
9_180,23,0
9_186,23,0
9_187,23,0
9_194,23,0
9_206,23,0
9_208,23,0
9_211,23,0
9_216,23,0
9_220,23,0
9_230,23,0
9_232,23,0
9_236,23,0
9_242,23,0
9_246,23,0
9_248,23,0
9_254,23,0
9_259,23,0
9_265,23,0
9_269,23,0
9_277,23,0
9_278,23,0
9_285,23,0
9_286,23,0
9_294,23,0
9_300,23,0
9_303,23,0
9_314,23,0
9_317,23,0
9_320,23,0
9_322,23,0
9_324,23,0
9_139,23,0
9_173,23,0
9_184,23,0
9_189,23,0
9_199,23,0
9_207,23,0
9_210,23,0
9_222,23,0
9_223,23,0
9_224,23,0
9_234,23,0
9_249,23,0
9_271,23,0
9_287,23,0
9_289,23,0
9_290,23,0
9_301,23,0
9_315,23,0
17_70,30,0
9_166,23,0
9_171,23,0
9_176,23,0
9_209,23,0
9_261,23,0
9_298,23,0
9_252,31,0
9_256,23,0
9_260,23,0
9_270,23,0
9_293,23,0
9_331,23,0
9_311,23,0
9_326,23,0
9_267,23,0
9_276,23,0
9_318,23,0
9_253,23,0
9_284,23,0
9_258,23,0
9_296,23,0
11_53,26,0
11_0,26,0
9_225,23,0
13_78,28,0
9_279,23,0
14_111,29,0
17_96,30,0
11_170,26,0
10_163,25,0
10_199,23,0
13_156,28,0
11_129,23,0
14_54,29,0
23_44,28,0
12_183,27,0
18_117,31,0
18_93,31,0
18_167,23,0
18_53,31,0
12_377,23,0
13_87,28,0
12_169,27,0
18_164,31,0
13_53,28,0
18_68,31,0
18_86,31,0
13_174,28,0
17_61,30,0
11_200,26,0
22_98,33,0
12_396,27,0
10_146,25,0
13_75,28,0
13_58,28,0
11_10,26,0
13_68,28,0
14_27,29,0
22_46,33,0
24_96,18,0
12_416,27,0
12_151,27,0
11_188,26,0
11_55,26,0
11_161,26,0
11_128,26,0
10_149,25,0
18_92,31,0
12_408,27,0
11_45,26,0
17_97,30,0
18_54,31,0
14_73,29,0
22_140,33,0
10_0,25,0
10_33,25,0
10_35,25,0
10_37,25,0
10_38,25,0
10_40,25,0
10_41,25,0
10_42,25,0
10_46,25,0
10_47,25,0
10_51,25,0
10_52,25,0
10_55,25,0
10_56,25,0
10_57,25,0
10_59,25,0
10_60,25,0
10_61,25,0
10_62,25,0
10_64,25,0
10_65,25,0
10_70,25,0
10_71,25,0
10_73,25,0
10_78,25,0
10_81,25,0
10_89,25,0
10_92,25,0
10_95,25,0
10_99,25,0
10_107,25,0
10_113,25,0
10_114,25,0
10_115,25,0
10_117,25,0
10_119,25,0
10_121,25,0
10_127,25,0
10_130,25,0
10_131,25,0
10_143,25,0
10_144,25,0
10_152,25,0
10_153,25,0
10_160,25,0
10_167,25,0
10_168,25,0
10_169,25,0
10_174,32,0
10_178,25,0
10_181,25,0
10_182,25,0
10_188,25,0
10_196,25,0
10_201,25,0
10_205,25,0
10_208,25,0
10_210,25,0
10_211,25,0
10_212,25,0
10_214,25,0
10_216,25,0
10_230,25,0
10_232,25,0
10_234,25,0
10_244,25,0
10_247,25,0
10_248,25,0
10_251,25,0
10_258,25,0
10_261,25,0
10_263,25,0
10_268,25,0
10_269,25,0
10_272,25,0
10_273,25,0
10_279,25,0
10_281,25,0
10_285,25,0
10_287,25,0
10_292,25,0
10_294,25,0
10_298,25,0
10_300,25,0
10_1,25,0
10_3,25,0
10_4,25,0
10_5,25,0
10_6,25,0
10_7,25,0
10_9,25,0
10_10,25,0
10_11,25,0
10_12,25,0
10_13,25,0
10_14,25,0
10_15,25,0
10_16,25,0
10_17,25,0
10_18,25,0
10_19,25,0
10_20,25,0
10_21,25,0
10_22,25,0
10_23,25,0
10_24,25,0
10_25,25,0
10_26,25,0
10_36,25,0
10_39,25,0
10_43,25,0
10_44,25,0
10_45,25,0
10_49,25,0
10_50,25,0
10_54,25,0
10_58,25,0
10_66,25,0
10_67,25,0
10_68,25,0
10_69,25,0
10_72,25,0
10_76,25,0
10_77,25,0
10_80,25,0
10_83,25,0
10_84,25,0
10_86,25,0
10_88,25,0
10_90,25,0
10_91,25,0
10_94,25,0
10_96,25,0
10_97,25,0
10_98,25,0
10_100,25,0
10_104,25,0
10_105,25,0
10_106,25,0
10_109,25,0
10_110,25,0
10_111,25,0
10_112,25,0
10_116,25,0
10_118,25,0
10_123,0,0
10_128,25,0
10_132,25,0
10_134,25,0
10_136,25,0
10_141,25,0
10_145,25,0
10_154,25,0
10_158,25,0
10_159,25,0
10_162,25,0
10_164,25,0
10_165,25,0
10_166,25,0
10_170,25,0
10_173,25,0
10_176,25,0
10_184,25,0
10_185,25,0
10_193,25,0
10_198,25,0
10_203,25,0
10_204,25,0
10_209,25,0
10_217,25,0
10_218,25,0
10_221,25,0
10_224,25,0
10_229,25,0
10_231,25,0
10_233,25,0
10_238,25,0
10_240,25,0
10_252,25,0
10_257,25,0
10_259,25,0
10_265,25,0
10_267,25,0
10_270,25,0
10_275,25,0
10_277,25,0
10_278,25,0
10_280,25,0
10_286,25,0
10_290,25,0
10_293,25,0
10_74,25,0
10_103,25,0
10_108,25,0
10_122,25,0
10_124,25,0
10_139,25,0
10_142,25,0
10_150,25,0
10_155,25,0
10_177,25,0
10_189,25,0
10_192,25,0
10_194,25,0
10_197,25,0
10_200,25,0
10_202,25,0
10_213,25,0
10_220,25,0
10_226,25,0
10_227,25,0
10_228,25,0
10_235,25,0
10_236,25,0
10_239,25,0
10_254,25,0
10_256,25,0
10_264,25,0
10_266,25,0
10_274,25,0
10_276,25,0
10_291,25,0
10_120,25,0
10_125,25,0
10_138,25,0
10_148,25,0
10_151,25,0
10_171,25,0
10_175,25,0
10_179,25,0
10_191,25,0
10_195,25,0
10_243,25,0
10_255,25,0
10_284,25,0
10_289,25,0
10_135,25,0
10_147,25,0
10_183,25,0
10_222,25,0
10_223,25,0
10_242,25,0
10_262,25,0
10_282,25,0
10_299,25,0
10_207,25,0
10_241,25,0
10_246,25,0
10_253,25,0
10_260,25,0
10_271,25,0
10_172,25,0
10_206,25,0
10_295,25,0
10_219,25,0
10_283,25,0
11_68,26,0
10_187,25,0
10_180,25,0
10_249,25,0
10_215,25,0
10_288,25,0
21_80,25,0
10_296,25,0
15_110,0,0
11_44,26,0
11_48,26,0
11_58,26,0
11_60,26,0
11_61,26,0
11_62,26,0
11_63,26,0
11_66,31,0
11_67,26,0
11_71,26,0
11_72,26,0
11_74,26,0
11_76,26,0
11_79,26,0
11_81,26,0
11_84,26,0
11_86,26,0
11_92,26,0
11_94,26,0
11_95,26,0
11_96,26,0
11_97,26,0
11_101,26,0
11_106,26,0
11_111,26,0
11_112,26,0
11_119,26,0
11_120,26,0
11_122,26,0
11_126,26,0
11_133,26,0
11_134,26,0
11_139,26,0
11_146,26,0
11_147,26,0
11_151,26,0
11_156,26,0
11_159,26,0
11_163,26,0
11_165,26,0
11_166,26,0
11_171,26,0
11_178,26,0
11_179,26,0
11_186,26,0
11_192,26,0
11_195,26,0
11_205,26,0
11_211,26,0
11_215,26,0
11_217,26,0
11_225,26,0
11_229,26,0
11_238,26,0
11_243,26,0
11_245,26,0
11_248,26,0
11_259,26,0
11_260,26,0
11_262,26,0
11_263,26,0
11_270,26,0
11_275,26,0
11_276,26,0
11_278,26,0
11_280,26,0
11_1,26,0
11_2,26,0
11_3,26,0
11_4,26,0
11_5,26,0
11_6,26,0
11_7,26,0
11_8,26,0
11_9,26,0
11_11,26,0
11_12,26,0
11_13,26,0
11_14,26,0
11_15,26,0
11_16,26,0
11_17,26,0
11_18,26,0
11_19,26,0
11_20,26,0
11_21,26,0
11_22,26,0
11_23,26,0
11_24,26,0
11_25,26,0
11_26,26,0
11_27,26,0
11_28,26,0
11_29,26,0
11_30,26,0
11_31,26,0
11_32,26,0
11_33,26,0
11_34,26,0
11_35,26,0
11_36,26,0
11_37,26,0
11_38,26,0
11_39,26,0
11_40,26,0
11_41,26,0
11_42,26,0
11_59,26,0
11_64,26,0
11_65,26,0
11_70,26,0
11_73,26,0
11_75,26,0
11_77,26,0
11_78,26,0
11_80,26,0
11_82,26,0
11_83,26,0
11_85,26,0
11_87,26,0
11_88,26,0
11_89,26,0
11_90,26,0
11_91,26,0
11_93,26,0
11_98,26,0
11_99,26,0
11_100,26,0
11_107,26,0
11_109,26,0
11_110,26,0
11_114,26,0
11_116,26,0
11_117,26,0
11_121,26,0
11_123,26,0
11_124,26,0
11_127,26,0
11_131,26,0
11_135,26,0
11_137,26,0
11_141,26,0
11_142,26,0
11_143,26,0
11_145,26,0
11_148,26,0
11_149,26,0
11_150,26,0
11_152,26,0
11_154,26,0
11_155,26,0
11_157,26,0
11_158,26,0
11_164,26,0
11_167,26,0
11_169,26,0
11_177,26,0
11_180,26,0
11_182,26,0
11_187,26,0
11_190,26,0
11_191,26,0
11_193,26,0
11_194,26,0
11_196,26,0
11_203,26,0
11_204,26,0
11_208,26,0
11_212,26,0
11_218,26,0
11_220,26,0
11_227,26,0
11_228,26,0
11_230,26,0
11_233,26,0
11_236,26,0
11_237,26,0
11_241,26,0
11_246,26,0
11_251,26,0
11_253,26,0
11_254,26,0
11_255,26,0
11_266,26,0
11_267,26,0
11_271,26,0
11_272,26,0
11_273,26,0
11_281,26,0
11_282,26,0
11_105,26,0
11_113,26,0
11_125,26,0
11_130,26,0
11_153,26,0
11_162,26,0
11_172,26,0
11_174,26,0
11_176,26,0
11_181,26,0
11_183,26,0
11_184,26,0
11_185,26,0
11_198,26,0
11_199,26,0
11_201,26,0
11_202,26,0
11_206,31,0
11_214,26,0
11_222,26,0
11_226,26,0
11_257,26,0
11_264,26,0
11_277,26,0
11_103,26,0
11_138,26,0
11_175,26,0
11_189,26,0
11_197,26,0
11_207,26,0
11_213,26,0
11_221,26,0
11_231,26,0
11_258,26,0
11_274,26,0
11_283,26,0
13_49,28,0
11_144,26,0
11_216,26,0
11_223,26,0
11_240,26,0
11_249,26,0
11_252,26,0
11_269,26,0
11_224,26,0
11_268,26,0
11_160,26,0
11_168,26,0
11_234,26,0
11_284,26,0
11_239,26,0
18_132,31,0
18_129,31,0
11_285,26,0
17_55,30,0
18_52,31,0
18_99,31,0
13_170,28,0
13_138,28,0
13_183,28,0
17_145,30,0
12_0,27,0
12_45,27,0
12_48,27,0
12_55,27,0
12_58,27,0
12_62,27,0
12_63,27,0
12_64,27,0
12_66,27,0
12_67,27,0
12_69,27,0
12_70,27,0
12_75,27,0
12_77,27,0
12_84,27,0
12_85,27,0
12_86,27,0
12_88,27,0
12_95,27,0
12_97,27,0
12_99,27,0
12_104,27,0
12_105,27,0
12_111,27,0
12_112,27,0
12_119,27,0
12_123,27,0
12_136,27,0
12_140,27,0
12_141,27,0
12_143,27,0
12_149,27,0
12_152,27,0
12_153,27,0
12_167,27,0
12_170,27,0
12_171,27,0
12_172,27,0
12_176,27,0
12_179,27,0
12_184,27,0
12_186,27,0
12_187,27,0
12_198,27,0
12_200,27,0
12_204,27,0
12_213,27,0
12_214,27,0
12_216,27,0
12_219,27,0
12_221,27,0
12_229,27,0
12_235,27,0
12_237,27,0
12_241,27,0
12_244,27,0
12_247,27,0
12_253,27,0
12_255,27,0
12_263,27,0
12_267,27,0
12_275,27,0
12_276,27,0
12_279,27,0
12_281,27,0
12_282,27,0
12_290,27,0
12_298,27,0
12_300,27,0
12_301,27,0
12_304,27,0
12_308,27,0
12_318,27,0
12_322,27,0
12_345,27,0
12_348,27,0
12_350,27,0
12_352,27,0
12_355,27,0
12_359,27,0
12_365,27,0
12_373,27,0
12_379,27,0
12_380,27,0
12_382,27,0
12_383,27,0
12_403,27,0
12_1,27,0
12_2,27,0
12_3,27,0
12_4,27,0
12_5,27,0
12_6,27,0
12_7,27,0
12_8,27,0
12_9,27,0
12_10,27,0
12_11,27,0
12_12,27,0
12_13,27,0
12_14,27,0
12_15,27,0
12_16,27,0
12_17,27,0
12_18,27,0
12_19,27,0
12_20,27,0
12_21,27,0
12_22,27,0
12_23,27,0
12_24,27,0
12_25,27,0
12_26,27,0
12_27,27,0
12_28,27,0
12_29,27,0
12_30,27,0
12_31,27,0
12_32,27,0
12_33,27,0
12_34,27,0
12_35,27,0
12_36,27,0
12_37,27,0
12_38,27,0
12_39,27,0
12_51,27,0
12_56,27,0
12_60,27,0
12_61,27,0
12_65,27,0
12_71,27,0
12_73,27,0
12_74,27,0
12_78,27,0
12_80,27,0
12_81,27,0
12_87,27,0
12_89,27,0
12_92,27,0
12_93,27,0
12_94,27,0
12_96,27,0
12_98,27,0
12_100,27,0
12_101,27,0
12_103,27,0
12_109,27,0
12_113,27,0
12_114,27,0
12_115,27,0
12_117,27,0
12_120,27,0
12_121,27,0
12_122,27,0
12_124,27,0
12_127,27,0
12_129,27,0
12_132,27,0
12_134,27,0
12_135,27,0
12_139,27,0
12_142,27,0
12_145,27,0
12_146,27,0
12_150,27,0
12_154,27,0
12_160,27,0
12_163,27,0
12_173,27,0
12_175,27,0
12_199,27,0
12_209,27,0
12_211,27,0
12_218,27,0
12_222,27,0
12_224,27,0
12_227,27,0
12_231,27,0
12_236,27,0
12_239,27,0
12_245,27,0
12_249,27,0
12_251,27,0
12_257,27,0
12_262,27,0
12_270,27,0
12_291,27,0
12_296,27,0
12_303,27,0
12_307,27,0
12_319,27,0
12_326,27,0
12_334,27,0
12_336,27,0
12_341,27,0
12_344,27,0
12_351,27,0
12_356,27,0
12_357,27,0
12_362,27,0
12_372,27,0
12_374,27,0
12_375,27,0
12_391,27,0
12_392,27,0
12_401,27,0
12_410,27,0
12_414,27,0
12_417,27,0
12_421,27,0
12_422,27,0
12_424,27,0
12_425,27,0
12_428,27,0
12_429,27,0
12_431,27,0
12_130,27,0
12_148,27,0
12_162,27,0
12_164,27,0
12_180,27,0
12_181,27,0
12_182,27,0
12_188,27,0
12_192,27,0
12_194,27,0
12_206,27,0
12_217,27,0
12_225,27,0
12_233,27,0
12_234,27,0
12_243,27,0
12_254,27,0
12_259,27,0
12_260,27,0
12_264,27,0
12_265,27,0
12_277,27,0
12_278,27,0
12_289,27,0
12_293,27,0
12_295,27,0
12_310,27,0
12_324,27,0
12_325,27,0
12_328,27,0
12_330,27,0
12_331,27,0
12_339,27,0
12_342,27,0
12_354,27,0
12_367,27,0
12_381,27,0
12_387,27,0
12_394,27,0
12_397,27,0
12_402,27,0
12_406,27,0
12_415,27,0
12_418,27,0
12_110,27,0
12_168,27,0
12_202,27,0
12_205,27,0
12_207,27,0
12_215,27,0
12_220,27,0
12_230,27,0
12_252,27,0
12_274,27,0
12_287,27,0
12_288,27,0
12_311,27,0
12_321,27,0
12_327,27,0
12_333,27,0
12_347,27,0
12_349,27,0
12_364,27,0
12_368,27,0
12_390,27,0
12_400,27,0
12_419,27,0
12_427,27,0
12_432,27,0
13_57,27,0
22_63,33,0
12_158,27,0
12_195,27,0
12_208,27,0
12_266,27,0
12_395,27,0
12_404,27,0
12_433,27,0
12_203,27,0
12_248,27,0
12_250,27,0
12_371,27,0
12_376,27,0
12_398,27,0
12_280,27,0
12_283,27,0
12_284,27,0
12_286,27,0
12_299,27,0
12_306,27,0
12_309,27,0
12_320,27,0
12_340,27,0
12_389,27,0
12_393,27,0
12_166,27,0
12_268,27,0
12_273,27,0
12_329,27,0
12_335,27,0
12_343,27,0
12_369,27,0
12_378,27,0
12_223,27,0
12_302,27,0
12_366,27,0
12_409,27,0
12_412,27,0
12_261,27,0
12_292,27,0
12_337,27,0
12_232,27,0
12_353,27,0
12_363,27,0
12_384,27,0
12_388,27,0
12_399,27,0
12_242,27,0
12_271,27,0
12_430,27,0
12_165,27,0
12_361,27,0
12_312,27,0
12_360,27,0
24_60,34,0
24_55,34,0
12_420,27,0
12_423,27,0
12_426,27,0
12_413,27,0
13_80,28,0
14_145,27,0
24_47,34,0
14_51,29,0
13_120,28,0
14_149,27,0
13_72,28,0
24_89,34,0
18_74,31,0
13_108,28,0
14_63,29,0
13_0,28,0
13_56,28,0
13_63,28,0
13_69,28,0
13_71,28,0
13_73,28,0
13_74,28,0
13_76,28,0
13_79,28,0
13_81,28,0
13_85,28,0
13_86,28,0
13_99,28,0
13_100,28,0
13_101,28,0
13_104,28,0
13_107,28,0
13_116,28,0
13_117,28,0
13_123,28,0
13_132,28,0
13_135,28,0
13_139,28,0
13_140,28,0
13_141,28,0
13_146,28,0
13_147,28,0
13_148,28,0
13_152,28,0
13_154,28,0
13_160,28,0
13_161,28,0
13_163,28,0
13_167,28,0
13_172,28,0
13_176,28,0
13_178,28,0
13_184,28,0
13_185,28,0
13_189,28,0
13_193,28,0
13_194,28,0
13_197,28,0
13_200,28,0
13_202,28,0
13_205,28,0
13_209,28,0
13_212,28,0
13_214,28,0
13_1,28,0
13_2,28,0
13_3,28,0
13_5,28,0
13_6,28,0
13_7,28,0
13_8,28,0
13_9,28,0
13_10,28,0
13_11,28,0
13_12,28,0
13_13,28,0
13_14,28,0
13_15,28,0
13_16,28,0
13_17,28,0
13_18,28,0
13_19,28,0
13_20,28,0
13_21,28,0
13_22,28,0
13_23,28,0
13_24,28,0
13_25,28,0
13_26,28,0
13_27,28,0
13_28,28,0
13_29,28,0
13_30,28,0
13_31,28,0
13_32,28,0
13_33,28,0
13_34,28,0
13_35,28,0
13_36,28,0
13_37,28,0
13_38,28,0
13_39,28,0
13_40,28,0
13_41,28,0
13_42,28,0
13_43,28,0
13_44,28,0
13_45,28,0
13_46,28,0
13_47,28,0
13_48,28,0
13_65,28,0
13_67,28,0
13_77,28,0
13_84,28,0
13_88,28,0
13_89,31,0
13_90,28,0
13_92,28,0
13_93,28,0
13_94,28,0
13_95,28,0
13_96,28,0
13_102,28,0
13_105,28,0
13_106,28,0
13_111,28,0
13_112,28,0
13_113,28,0
13_114,28,0
13_115,28,0
13_118,28,0
13_121,28,0
13_124,28,0
13_125,28,0
13_128,28,0
13_129,28,0
13_130,28,0
13_131,28,0
13_133,28,0
13_142,28,0
13_143,28,0
13_144,28,0
13_145,28,0
13_150,28,0
13_151,28,0
13_153,28,0
13_157,28,0
13_158,28,0
13_159,28,0
13_164,28,0
13_165,28,0
13_166,28,0
13_168,28,0
13_169,28,0
13_175,28,0
13_179,28,0
13_181,28,0
13_188,28,0
13_191,28,0
13_196,28,0
13_201,28,0
13_206,28,0
13_207,28,0
13_210,28,0
13_211,28,0
13_110,28,0
13_186,28,0
13_203,28,0
13_204,28,0
13_215,28,0
13_155,28,0
13_180,28,0
13_213,28,0
18_110,31,0
13_122,28,0
13_149,28,0
13_162,28,0
13_182,28,0
13_190,28,0
13_208,28,0
13_199,28,0
18_124,31,0
17_143,30,0
18_142,28,0
18_128,31,0
17_167,30,0
23_41,28,0
18_116,31,0
17_181,30,0
18_94,31,0
18_177,31,0
18_163,31,0
18_137,31,0
14_0,29,0
14_31,29,0
14_32,29,0
14_34,29,0
14_35,29,0
14_37,29,0
14_38,29,0
14_40,29,0
14_43,29,0
14_47,29,0
14_55,29,0
14_59,29,0
14_64,29,0
14_67,29,0
14_69,29,0
14_71,29,0
14_75,29,0
14_82,29,0
14_84,29,0
14_89,29,0
14_91,29,0
14_92,29,0
14_93,29,0
14_94,29,0
14_97,29,0
14_98,29,0
14_103,29,0
14_109,29,0
14_110,29,0
14_116,29,0
14_117,29,0
14_122,29,0
14_124,29,0
14_125,29,0
14_134,29,0
14_138,29,0
14_139,29,0
14_142,29,0
14_146,29,0
14_150,29,0
14_151,29,0
14_155,29,0
14_156,29,0
14_157,29,0
14_159,29,0
14_175,29,0
14_178,29,0
14_181,29,0
14_182,29,0
14_183,29,0
14_186,29,0
14_191,29,0
14_193,29,0
14_197,29,0
14_203,29,0
14_1,29,0
14_2,29,0
14_3,29,0
14_4,29,0
14_5,29,0
14_6,29,0
14_7,29,0
14_8,29,0
14_9,29,0
14_10,29,0
14_11,29,0
14_12,29,0
14_13,29,0
14_14,29,0
14_15,29,0
14_16,29,0
14_17,29,0
14_18,29,0
14_19,29,0
14_20,29,0
14_21,29,0
14_22,29,0
14_23,29,0
14_24,29,0
14_25,29,0
14_26,29,0
14_36,29,0
14_39,29,0
14_41,29,0
14_42,29,0
14_44,29,0
14_46,29,0
14_48,29,0
14_49,29,0
14_50,29,0
14_53,29,0
14_56,29,0
14_57,29,0
14_58,29,0
14_60,29,0
14_61,29,0
14_65,29,0
14_66,29,0
14_68,29,0
14_70,29,0
14_72,29,0
14_74,29,0
14_78,29,0
14_79,29,0
14_81,29,0
14_83,29,0
14_86,29,0
14_87,29,0
14_88,29,0
14_96,29,0
14_99,29,0
14_100,29,0
14_101,29,0
14_102,29,0
14_104,29,0
14_106,29,0
14_107,29,0
14_114,29,0
14_115,29,0
14_119,29,0
14_120,29,0
14_121,29,0
14_128,29,0
14_131,29,0
14_132,29,0
14_136,29,0
14_137,29,0
14_140,29,0
14_147,29,0
14_148,29,0
14_152,29,0
14_154,29,0
14_158,29,0
14_161,29,0
14_164,29,0
14_168,29,0
14_174,29,0
14_179,29,0
14_189,29,0
14_192,29,0
14_202,29,0
14_204,29,0
14_205,29,0
14_207,29,0
14_208,29,0
14_209,29,0
14_211,29,0
14_95,29,0
14_108,29,0
14_112,29,0
14_113,29,0
14_133,29,0
14_135,29,0
14_143,29,0
14_153,29,0
14_160,29,0
14_162,29,0
14_165,29,0
14_171,29,0
14_176,29,0
14_177,29,0
14_184,29,0
14_187,29,0
14_194,29,0
14_195,29,0
14_199,29,0
14_201,29,0
14_210,29,0
14_212,29,0
14_76,29,0
14_105,29,0
14_127,29,0
14_129,29,0
14_144,29,0
14_163,29,0
14_166,29,0
14_180,29,0
14_188,29,0
14_198,29,0
14_123,29,0
14_126,29,0
14_172,29,0
14_173,29,0
14_200,29,0
14_185,29,0
14_190,29,0
14_141,29,0
14_167,29,0
15_112,0,0
15_1,0,0
15_2,0,0
15_3,0,0
15_4,0,0
15_5,0,0
15_6,0,0
15_7,0,0
15_8,0,0
15_9,0,0
15_10,0,0
15_11,0,0
15_12,0,0
15_13,0,0
15_14,0,0
15_15,0,0
15_16,0,0
15_17,0,0
15_18,0,0
15_19,0,0
15_20,0,0
15_21,0,0
15_22,0,0
15_23,0,0
15_24,0,0
15_25,0,0
15_26,0,0
15_27,0,0
15_28,0,0
15_29,0,0
15_30,0,0
15_31,0,0
15_32,0,0
15_33,0,0
15_34,0,0
15_35,0,0
15_36,0,0
15_37,0,0
15_38,0,0
15_39,0,0
15_40,0,0
15_41,0,0
15_42,0,0
15_43,0,0
15_44,0,0
15_45,0,0
15_46,0,0
15_47,0,0
15_48,0,0
15_49,0,0
15_50,0,0
15_51,0,0
15_52,0,0
15_53,0,0
15_54,0,0
15_55,0,0
15_56,0,0
15_57,0,0
15_58,0,0
15_59,0,0
15_60,0,0
15_61,0,0
15_62,0,0
15_63,0,0
15_64,0,0
15_65,0,0
15_66,0,0
15_67,0,0
15_68,0,0
15_69,0,0
15_70,0,0
15_71,0,0
15_72,0,0
15_73,0,0
15_74,0,0
15_75,0,0
15_76,0,0
15_77,0,0
15_78,0,0
15_79,0,0
15_80,0,0
15_81,0,0
15_82,0,0
15_83,0,0
15_84,0,0
15_85,0,0
15_86,0,0
15_87,0,0
15_88,0,0
15_89,0,0
17_193,30,0
21_60,32,0
21_44,32,0
21_48,0,0
22_80,33,0
17_77,30,0
24_38,34,0
17_54,30,0
17_50,30,0
17_57,30,0
17_58,30,0
17_71,30,0
17_73,30,0
17_74,30,0
17_79,30,0
17_84,30,0
17_86,30,0
17_88,30,0
17_89,30,0
17_104,30,0
17_113,30,0
17_116,30,0
17_118,30,0
17_120,30,0
17_122,30,0
17_135,30,0
17_136,30,0
17_137,30,0
17_138,30,0
17_139,30,0
17_144,30,0
17_149,30,0
17_158,30,0
17_165,30,0
17_166,30,0
17_170,30,0
17_172,30,0
17_178,30,0
17_180,30,0
17_183,30,0
17_184,30,0
17_187,30,0
17_191,30,0
17_194,30,0
17_195,30,0
17_196,30,0
17_197,30,0
17_199,30,0
17_202,30,0
17_203,30,0
17_205,30,0
17_1,30,0
17_2,30,0
17_3,30,0
17_4,30,0
17_5,30,0
17_6,30,0
17_7,30,0
17_8,30,0
17_9,30,0
17_10,30,0
17_11,30,0
17_12,30,0
17_13,30,0
17_14,30,0
17_15,30,0
17_16,30,0
17_17,30,0
17_18,30,0
17_19,30,0
17_20,30,0
17_21,30,0
17_22,30,0
17_23,30,0
17_24,30,0
17_25,30,0
17_26,30,0
17_27,30,0
17_28,30,0
17_29,30,0
17_30,30,0
17_31,30,0
17_32,30,0
17_33,30,0
17_34,30,0
17_35,30,0
17_36,30,0
17_37,30,0
17_38,30,0
17_39,30,0
17_52,30,0
17_60,30,0
17_62,30,0
17_63,30,0
17_64,30,0
17_65,30,0
17_69,30,0
17_76,30,0
17_81,30,0
17_83,30,0
17_85,30,0
17_87,30,0
17_90,30,0
17_91,30,0
17_92,30,0
17_93,30,0
17_94,30,0
17_95,30,0
17_99,30,0
17_100,30,0
17_101,30,0
17_102,30,0
17_103,30,0
17_107,30,0
17_108,30,0
17_109,30,0
17_111,30,0
17_112,30,0
17_114,30,0
17_115,30,0
17_117,30,0
17_121,30,0
17_123,30,0
17_124,30,0
17_125,30,0
17_126,30,0
17_127,30,0
17_129,30,0
17_132,30,0
17_134,30,0
17_140,30,0
17_141,30,0
17_147,30,0
17_148,30,0
17_150,30,0
17_152,30,0
17_155,30,0
17_157,30,0
17_159,30,0
17_161,30,0
17_164,30,0
17_171,30,0
17_173,30,0
17_177,30,0
17_179,30,0
17_185,30,0
17_186,30,0
17_189,30,0
17_192,30,0
17_198,30,0
17_200,30,0
17_206,30,0
17_207,30,0
17_209,30,0
17_210,30,0
17_110,30,0
17_131,30,0
17_142,30,0
17_146,30,0
17_162,30,0
17_168,30,0
17_174,30,0
17_106,30,0
17_182,30,0
17_201,30,0
17_208,30,0
17_154,30,0
17_163,30,0
17_156,30,0
17_176,30,0
22_214,33,0
18_62,31,0
17_169,30,0
22_174,33,0
18_87,31,0
18_0,31,0
18_59,31,0
18_61,31,0
18_69,31,0
18_77,31,0
18_81,31,0
18_108,31,0
18_114,31,0
18_119,31,0
18_125,31,0
18_130,31,0
18_143,31,0
18_144,31,0
18_147,31,0
18_150,31,0
18_152,31,0
18_154,31,0
18_159,31,0
18_160,31,0
18_165,31,0
18_169,31,0
18_171,31,0
18_174,31,0
18_176,31,0
18_181,31,0
18_184,31,0
18_186,31,0
18_188,31,0
18_3,31,0
18_4,31,0
18_5,31,0
18_6,31,0
18_7,31,0
18_8,31,0
18_9,31,0
18_10,31,0
18_11,31,0
18_12,31,0
18_13,31,0
18_14,31,0
18_15,31,0
18_16,31,0
18_17,31,0
18_18,31,0
18_19,31,0
18_20,31,0
18_21,31,0
18_22,31,0
18_23,31,0
18_24,31,0
18_25,31,0
18_26,31,0
18_27,31,0
18_28,31,0
18_29,31,0
18_30,31,0
18_31,31,0
18_32,31,0
18_33,31,0
18_34,31,0
18_35,31,0
18_36,31,0
18_37,31,0
18_38,31,0
18_39,31,0
18_40,31,0
18_41,31,0
18_42,31,0
18_43,31,0
18_44,31,0
18_45,31,0
18_46,31,0
18_47,31,0
18_48,31,0
18_49,31,0
18_50,31,0
18_57,31,0
18_67,31,0
18_75,31,0
18_78,31,0
18_79,31,0
18_84,31,0
18_85,31,0
18_88,31,0
18_90,31,0
18_97,31,0
18_100,31,0
18_101,31,0
18_103,31,0
18_105,31,0
18_107,31,0
18_109,31,0
18_115,31,0
18_118,31,0
18_120,31,0
18_121,31,0
18_122,31,0
18_126,31,0
18_127,31,0
18_131,31,0
18_133,31,0
18_136,31,0
18_138,31,0
18_140,31,0
18_141,31,0
18_151,31,0
18_153,31,0
18_155,31,0
18_158,31,0
18_168,31,0
18_172,31,0
18_179,31,0
18_180,31,0
18_95,31,0
18_111,31,0
18_139,31,0
18_146,31,0
18_162,31,0
18_166,31,0
18_178,31,0
18_183,31,0
21_147,32,0
18_185,31,0
18_135,31,0
18_157,31,0
18_175,31,0
18_189,31,0
18_156,31,0
18_173,31,0
18_170,31,0
21_0,32,0
21_26,32,0
21_27,32,0
21_28,32,0
21_29,32,0
21_31,32,0
21_33,32,0
21_34,32,0
21_35,32,0
21_51,32,0
21_52,32,0
21_53,32,0
21_57,32,0
21_58,32,0
21_62,32,0
21_67,32,0
21_68,32,0
21_69,32,0
21_71,32,0
21_72,32,0
21_73,32,0
21_75,32,0
21_77,32,0
21_78,32,0
21_89,32,0
21_95,32,0
21_96,32,0
21_103,32,0
21_104,32,0
21_105,32,0
21_107,32,0
21_110,32,0
21_112,32,0
21_126,32,0
21_129,32,0
21_131,32,0
21_135,32,0
21_142,32,0
21_144,32,0
21_145,32,0
21_148,32,0
21_152,32,0
21_153,32,0
21_154,32,0
21_156,32,0
21_157,32,0
21_159,32,0
21_163,32,0
21_165,32,0
21_167,32,0
21_172,32,0
21_1,32,0
21_2,32,0
21_3,32,0
21_4,32,0
21_5,32,0
21_6,32,0
21_7,32,0
21_8,32,0
21_9,32,0
21_10,32,0
21_11,32,0
21_12,32,0
21_13,32,0
21_14,32,0
21_15,32,0
21_16,32,0
21_17,32,0
21_18,32,0
21_19,32,0
21_20,32,0
21_21,32,0
21_22,32,0
21_23,32,0
21_24,32,0
21_30,32,0
21_40,32,0
21_45,32,0
21_46,32,0
21_49,32,0
21_50,32,0
21_55,32,0
21_56,32,0
21_59,32,0
21_61,32,0
21_63,32,0
21_64,32,0
21_70,32,0
21_74,32,0
21_76,32,0
21_79,32,0
21_81,32,0
21_83,32,0
21_87,32,0
21_88,32,0
21_90,32,0
21_92,32,0
21_93,32,0
21_99,32,0
21_100,32,0
21_101,32,0
21_106,32,0
21_109,32,0
21_111,32,0
21_113,32,0
21_114,32,0
21_115,32,0
21_116,32,0
21_117,32,0
21_118,32,0
21_119,32,0
21_122,32,0
21_123,32,0
21_124,32,0
21_125,32,0
21_127,32,0
21_132,32,0
21_133,32,0
21_136,32,0
21_137,32,0
21_138,32,0
21_139,32,0
21_141,32,0
21_149,32,0
21_150,32,0
21_160,32,0
21_161,32,0
21_162,32,0
21_166,32,0
21_168,32,0
21_171,32,0
21_175,32,0
21_176,32,0
21_177,32,0
21_178,32,0
21_84,32,0
21_85,32,0
21_91,32,0
21_94,32,0
21_108,32,0
21_128,32,0
21_130,32,0
21_134,32,0
21_140,32,0
21_143,32,0
21_146,32,0
21_155,32,0
21_164,32,0
21_169,32,0
21_170,32,0
21_174,32,0
21_65,32,0
21_102,32,0
21_151,32,0
21_173,32,0
21_120,32,0
22_0,33,0
22_35,33,0
22_36,33,0
22_40,33,0
22_41,33,0
22_43,33,0
22_47,33,0
22_48,33,0
22_53,33,0
22_62,33,0
22_64,33,0
22_67,33,0
22_71,33,0
22_73,33,0
22_74,33,0
22_75,33,0
22_76,33,0
22_79,33,0
22_81,33,0
22_89,33,0
22_90,33,0
22_92,33,0
22_97,33,0
22_103,33,0
22_104,33,0
22_111,33,0
22_120,33,0
22_127,33,0
22_129,33,0
22_131,33,0
22_133,33,0
22_153,33,0
22_154,33,0
22_158,33,0
22_160,33,0
22_161,33,0
22_166,33,0
22_167,33,0
22_178,33,0
22_179,33,0
22_181,33,0
22_184,33,0
22_189,33,0
22_193,33,0
22_208,33,0
22_211,33,0
22_225,33,0
22_231,33,0
22_233,33,0
22_2,33,0
22_3,33,0
22_4,33,0
22_5,33,0
22_6,33,0
22_7,33,0
22_8,33,0
22_9,33,0
22_10,33,0
22_11,33,0
22_12,33,0
22_13,33,0
22_14,33,0
22_15,33,0
22_16,33,0
22_17,33,0
22_18,33,0
22_19,33,0
22_20,33,0
22_21,33,0
22_22,33,0
22_23,33,0
22_24,33,0
22_25,33,0
22_26,33,0
22_27,33,0
22_28,33,0
22_29,33,0
22_30,33,0
22_31,33,0
22_32,33,0
22_33,33,0
22_34,33,0
22_45,33,0
22_54,33,0
22_55,33,0
22_59,33,0
22_61,33,0
22_65,33,0
22_66,33,0
22_68,33,0
22_77,33,0
22_78,33,0
22_82,33,0
22_83,33,0
22_85,33,0
22_88,33,0
22_91,33,0
22_93,33,0
22_94,33,0
22_100,33,0
22_105,33,0
22_106,33,0
22_107,33,0
22_108,33,0
22_109,33,0
22_113,33,0
22_115,33,0
22_117,33,0
22_118,33,0
22_119,33,0
22_121,33,0
22_122,33,0
22_123,33,0
22_125,33,0
22_126,33,0
22_130,33,0
22_132,33,0
22_134,33,0
22_136,33,0
22_139,33,0
22_141,33,0
22_144,33,0
22_146,33,0
22_150,33,0
22_151,33,0
22_156,33,0
22_157,33,0
22_162,33,0
22_163,33,0
22_170,33,0
22_171,33,0
22_172,33,0
22_175,33,0
22_177,33,0
22_180,33,0
22_190,33,0
22_191,33,0
22_195,33,0
22_199,33,0
22_202,33,0
22_204,33,0
22_207,33,0
22_212,33,0
22_217,33,0
22_218,33,0
22_221,33,0
22_223,33,0
22_226,33,0
22_230,33,0
22_235,33,0
22_238,33,0
22_95,33,0
22_124,33,0
22_138,33,0
22_142,33,0
22_143,33,0
22_145,33,0
22_148,33,0
22_149,33,0
22_152,33,0
22_182,33,0
22_187,33,0
22_192,33,0
22_194,33,0
22_196,33,0
22_198,33,0
22_200,33,0
22_209,33,0
22_213,33,0
22_220,33,0
22_224,33,0
22_234,33,0
22_112,33,0
22_128,33,0
22_147,33,0
22_155,33,0
22_159,33,0
22_169,33,0
22_183,33,0
22_205,33,0
22_206,33,0
22_210,33,0
22_197,33,0
22_203,33,0
22_215,33,0
22_216,33,0
22_222,33,0
22_227,33,0
22_236,33,0
22_237,33,0
22_185,33,0
22_229,33,0
22_232,33,0
22_219,33,0
23_0,28,0
23_37,28,0
23_38,28,0
23_40,28,0
23_43,28,0
23_1,28,0
23_2,28,0
23_3,28,0
23_4,28,0
23_5,28,0
23_6,28,0
23_7,28,0
23_8,28,0
23_9,28,0
23_10,28,0
23_11,28,0
23_12,28,0
23_13,28,0
23_14,28,0
23_15,28,0
23_16,28,0
23_17,28,0
23_18,28,0
23_19,28,0
23_20,28,0
23_21,28,0
23_22,28,0
23_23,28,0
23_24,28,0
23_25,28,0
23_26,28,0
23_27,28,0
23_28,28,0
23_29,28,0
23_30,28,0
23_31,28,0
23_46,28,0
23_47,28,0
23_49,28,0
23_50,28,0
24_0,34,0
24_31,34,0
24_33,34,0
24_34,34,0
24_35,34,0
24_36,34,0
24_37,34,0
24_39,34,0
24_42,34,0
24_46,34,0
24_48,34,0
24_49,34,0
24_53,34,0
24_54,34,0
24_56,34,0
24_58,34,0
24_59,34,0
24_61,34,0
24_65,34,0
24_69,34,0
24_74,34,0
24_76,34,0
24_77,34,0
24_78,34,0
24_87,34,0
24_88,34,0
24_90,34,0
24_92,34,0
24_95,34,0
24_98,34,0
24_1,34,0
24_3,34,0
24_4,34,0
24_5,34,0
24_6,34,0
24_7,34,0
24_8,34,0
24_9,34,0
24_10,34,0
24_11,34,0
24_12,34,0
24_13,34,0
24_14,34,0
24_15,34,0
24_16,34,0
24_17,34,0
24_18,34,0
24_19,34,0
24_20,34,0
24_21,34,0
24_22,34,0
24_23,34,0
24_24,34,0
24_25,34,0
24_26,34,0
24_27,34,0
24_28,34,0
24_41,34,0
24_44,34,0
24_45,34,0
24_50,34,0
24_51,34,0
24_52,34,0
24_57,34,0
24_62,34,0
24_64,34,0
24_66,34,0
24_68,34,0
24_70,34,0
24_71,34,0
24_72,34,0
24_75,34,0
24_82,34,0
24_83,34,0
24_84,34,0
24_93,34,0
24_94,34,0
24_99,34,0
24_80,34,0
24_81,34,0
24_85,34,0
24_86,34,0
24_91,34,0
24_100,34,0
24_67,34,0
24_79,34,0